timestamp,cpu_usage,memory_usage,disk_read,disk_write,network_in,network_out
1788933543.332,4.8,60.0,0.0,119.23,1.99,5.96
1788933544.338,3.1,59.8,0.0,294.51,2.98,0.99
1788933545.339,5.2,59.8,883.04,279.69,4.0,3.0
1788933546.344,4.7,60.0,0.0,99.5,1.99,1.99
1788933547.348,3.7,59.9,15.93,107.52,2.99,1.99
1788933548.353,4.8,60.0,0.0,99.5,2.98,3.98
1788933549.358,6.1,60.0,0.0,123.37,2.98,3.98
1788933550.363,6.1,60.3,143.28,99.5,1.99,1.99
1788933551.365,9.4,60.3,0.0,103.82,2.99,2.99
1788933552.37,6.2,60.2,7.96,95.52,5.97,6.96
1788933553.375,8.7,60.2,0.0,274.61,80.59,5.97
1788933554.378,6.8,60.2,0.0,295.23,2.99,1.99
1788933555.378,7.8,60.1,0.0,2786.28,3.0,2.0
1788933556.382,14.8,61.2,107628.17,2032.75,10.96,8.97
1788933557.387,9.8,61.2,15066.24,99.51,2.99,1.99
1788933558.389,10.9,61.4,6228.62,99.75,6.98,5.99
1788933559.394,9.5,61.2,2555.05,99.5,3.98,4.97
1788933560.4,11.3,61.0,99.46,3870.96,9.95,2.98
1788933561.405,13.1,61.1,274.62,135.32,51.74,458.69
1788933562.41,17.4,61.8,2073.47,2232.66,7.96,13.93
1788933563.412,10.4,62.0,3.99,243.56,2.0,2.0
1788933564.417,12.1,61.9,569.13,501.47,7.96,3.98
1788933565.42,12.8,61.1,131.57,394.7,66.78,87.71
1788933566.424,11.6,60.9,39343.54,215.08,25.89,552.63
1788933567.429,9.6,60.8,4827.56,99.5,98.5,8.95
1788933568.43,10.1,61.1,187.88,111.93,162.9,11.99
1788933569.435,13.4,62.1,206.95,1587.92,216.9,5.97
1788933570.437,8.9,61.2,67.88,99.83,160.72,7.99
1788933571.44,10.3,60.7,39.88,99.7,58.82,5.98
1788933572.445,8.4,60.5,0.0,99.5,40.79,3.98
1788933573.45,8.8,60.2,15.92,99.5,118.4,4.97
1788933574.453,11.1,60.2,19.93,103.65,203.31,7.97
1788933575.454,11.6,60.4,0.0,103.95,161.92,8.0
1788933576.459,11.7,60.4,147.25,330.33,141.28,433.8
1788933577.464,9.1,60.3,0.0,99.5,114.42,6.96
1788933578.469,10.0,60.2,0.0,95.51,67.65,4.97
1788933579.474,10.1,60.4,67.66,155.22,77.61,9.95
1788933580.479,9.5,60.5,35.84,119.46,136.38,7.96
1788933581.484,7.2,60.4,0.0,103.48,77.61,7.96
1788933582.486,9.5,60.4,0.0,131.75,138.74,68.87
1788933583.488,8.2,60.4,0.0,211.46,65.83,7.98
1788933584.493,7.9,60.2,0.0,99.5,58.7,4.97
1788933585.494,4.9,60.2,0.0,99.88,77.9,4.0
1788933586.505,14.5,60.3,4084.04,98.94,75.19,5.94
1788933587.51,10.3,60.5,3478.39,314.41,49.75,535.29
1788933588.515,9.8,60.5,43.78,99.5,57.71,57.71
1788933589.52,5.1,60.5,0.0,99.49,91.54,5.97
1788933590.525,10.0,60.4,67.67,13179.14,97.52,27.86
1788933591.53,14.5,60.9,11.94,99.5,41.79,2.98
1788933592.535,12.7,60.6,0.0,238.96,25.89,21.9
1788933593.54,8.0,60.5,31.84,99.5,39.8,3.98
1788933594.544,6.1,60.5,0.0,99.55,48.78,1.99
1788933595.549,8.7,60.4,0.0,99.49,27.86,18.9
1788933596.555,5.0,60.3,7.96,99.5,50.74,25.87
1788933597.56,9.3,59.7,0.0,99.49,79.6,4.97
1788933598.565,5.4,60.1,99.5,764.13,231.82,11.94
1788933599.569,7.9,60.6,0.0,151.38,94.62,5.98
1788933600.574,4.5,59.8,0.0,222.87,69.65,4.97
1788933601.577,5.4,59.7,0.0,99.67,65.78,3.99
1788933602.582,4.1,59.5,95.52,99.5,118.41,5.97
1788933603.587,4.7,59.9,3.98,835.79,141.29,4.97
1788933604.592,4.2,59.6,0.0,95.52,120.4,3.98
1788933605.597,4.4,59.5,95.52,99.5,168.15,4.97
1788933606.602,5.2,59.5,0.0,298.49,90.54,4.97
1788933607.604,8.9,61.5,279.57,838.7,50.92,3.0
1788933608.609,10.6,60.8,0.0,99.5,110.44,8.95
1788933609.612,11.4,61.6,1009.13,7833.74,131.63,16.95
1788933610.617,7.6,60.7,19.9,103.48,87.56,4.97
1788933611.62,33.7,61.5,22034.13,26705.01,46.87,5.98
1788933612.62,22.1,60.8,1835.21,47587.58,4.0,5.0
1788933613.625,18.4,61.6,2742.07,22835.99,1.99,1.99
1788933614.627,12.7,60.6,1859.75,287.34,19.95,432.01
1788933615.628,10.5,60.9,43.99,663.81,37.99,14.0
1788933616.633,13.5,60.9,250.73,788.01,366.14,11.94
1788933617.638,14.5,60.9,51.74,254.72,987.03,80.59
1788933618.643,7.8,60.3,0.0,99.5,573.1,20.89
1788933619.644,10.8,60.4,27.97,1266.57,457.48,531.4
1788933620.649,8.3,60.2,3.98,7633.6,269.64,11.94
1788933621.655,6.3,60.1,0.0,103.43,260.56,11.93
1788933622.66,11.8,60.3,27.86,397.99,266.65,521.36
1788933623.66,5.8,60.3,79.93,155.86,271.76,356.68
1788933624.666,12.7,60.3,441.76,712.38,797.95,1381.98
1788933625.668,14.9,60.5,426.77,777.76,471.64,258.26
1788933626.673,12.7,60.6,31.84,155.22,197.01,40.79
1788933627.678,9.8,60.5,15.92,171.14,297.5,632.81
1788933628.684,8.0,60.5,0.0,99.5,207.95,61.69
1788933629.687,9.0,60.5,3.99,103.66,321.94,77.74
1788933630.692,7.3,60.4,0.0,99.5,222.87,82.58
1788933631.694,10.1,61.5,23.95,99.79,238.49,677.54
1788933632.699,14.0,61.9,155.21,346.24,253.71,728.29
1788933633.704,14.5,61.1,115.48,1322.08,155.3,74.67
1788933634.709,5.8,61.0,15.92,183.07,228.84,22.88
1788933635.711,6.8,60.3,0.0,99.78,319.28,77.83
1788933636.711,7.9,60.0,0.0,99.95,369.83,82.96
1788933637.716,8.0,60.0,0.0,103.48,504.46,694.51
1788933638.722,7.6,59.9,0.0,99.49,390.98,84.56
1788933639.727,11.3,59.9,0.0,107.46,512.42,109.45
1788933640.732,8.1,60.5,0.0,99.51,336.33,59.7
1788933641.737,11.7,60.6,0.0,103.48,287.54,88.55
1788933642.738,9.4,60.3,0.0,99.86,224.69,87.88
1788933643.741,9.1,60.2,0.0,99.68,180.41,63.79
1788933644.746,7.4,59.8,0.0,99.53,209.01,139.34
1788933645.747,8.3,59.8,0.0,107.91,312.73,76.93
1788933646.752,7.7,59.7,0.0,99.5,276.61,86.56
1788933647.757,6.5,60.4,0.0,95.51,292.51,74.62
1788933648.762,14.8,60.8,927.3,210.93,275.6,42.78
1788933649.767,17.3,60.7,831.78,3295.27,427.83,90.54
1788933650.772,11.8,60.8,7.96,14020.86,583.04,162.18
1788933651.777,13.5,60.5,143.28,210.94,619.88,123.38
1788933652.781,10.3,60.0,0.0,99.66,759.39,89.69
1788933653.785,7.6,59.9,31.87,330.63,777.78,86.64
1788933654.79,15.3,61.4,27.86,1233.79,730.32,84.57
1788933655.801,8.1,60.4,2796.43,2899.27,482.55,132.5
1788933656.806,6.3,60.3,0.0,103.47,394.0,44.77
1788933657.811,9.3,60.6,31.84,99.51,334.36,89.56
1788933658.816,10.9,60.5,115.42,44296.92,311.43,80.59
1788933659.821,18.1,59.9,433.8,171.13,155.21,617.87
1788933660.826,6.9,59.6,23.88,103.47,17.91,132.33
1788933661.827,7.6,59.3,111.93,2066.76,96.94,138.92
1788933662.832,7.0,59.2,0.0,179.09,20.89,69.65
1788933663.837,4.5,59.1,47.76,1166.14,19.9,73.63
1788933664.842,4.8,59.0,0.0,95.51,18.9,71.63
1788933665.847,6.5,59.6,0.0,99.5,21.89,608.92
1788933666.852,7.9,59.7,0.0,99.5,26.86,88.55
1788933667.855,6.2,59.1,19.95,99.73,29.92,89.75
1788933668.86,11.4,60.2,0.0,99.5,19.9,82.58
1788933669.862,15.0,60.3,43.94,243.65,28.96,72.9
1788933670.866,13.5,60.4,15.94,1521.85,24.9,65.73
1788933671.866,10.2,59.9,0.0,99.95,21.99,72.97
1788933672.871,8.5,59.7,35.82,99.5,20.9,107.46
1788933673.875,7.5,59.4,47.83,115.59,57.79,89.68
1788933674.88,19.2,59.8,7263.23,330.33,47.76,101.49
1788933675.882,12.7,59.6,191.55,3052.89,99.77,103.76
1788933676.887,12.4,59.9,9717.23,270.7,67.67,141.32
1788933677.892,6.4,59.8,732.29,99.5,21.89,134.32
1788933678.897,6.2,59.8,59.7,115.42,25.87,70.64
1788933679.902,6.1,59.8,7.96,2698.37,17.91,63.68
1788933680.902,14.3,60.8,0.0,3067.32,27.99,67.98
1788933681.908,7.6,60.0,0.0,151.18,21.88,76.59
1788933682.913,11.8,60.6,0.0,557.19,12.93,6.96
1788933683.918,10.5,60.0,0.0,851.67,6.96,111.43
1788933684.923,7.9,59.5,0.0,99.5,19.9,71.64
1788933685.927,10.0,59.9,0.0,107.58,25.9,78.7
1788933686.932,7.2,59.9,0.0,99.5,20.89,68.65
1788933687.936,8.7,59.7,1067.95,107.59,22.91,81.69
1788933688.941,10.2,59.8,143.27,107.46,25.87,128.35
1788933689.946,8.2,59.8,254.72,115.42,27.86,96.51
1788933690.951,7.7,59.7,167.09,127.31,25.86,32.82
1788933691.956,8.9,60.5,0.0,270.57,63.66,81.57
1788933692.959,10.1,60.1,7.98,99.76,39.9,67.83
1788933693.961,20.7,60.4,534.79,291.34,50.89,120.73
1788933694.964,10.2,60.0,51.86,107.7,48.87,118.67
1788933695.969,11.4,60.0,4258.58,119.4,98.5,94.52
1788933696.97,20.6,61.7,4358.97,5194.01,1062.77,179.79
1788933697.971,16.8,60.5,91.9,159.82,774.13,134.85
1788933698.977,7.1,59.9,0.0,95.46,20.88,77.56
1788933699.982,6.6,59.6,0.0,1611.61,37.8,52.73
1788933700.987,8.4,59.6,15.92,103.46,17.91,87.55
1788933701.992,6.7,59.5,0.0,99.49,20.89,76.6
1788933702.995,6.9,59.6,0.0,905.27,21.93,76.77
1788933703.996,16.1,61.4,16.0,503.87,29.99,128.97
1788933705.001,8.0,60.5,171.12,107.45,31.84,107.45
1788933706.002,12.9,60.3,1014.82,351.59,12.98,31.96
1788933707.004,9.7,60.3,119.7,143.64,73.81,540.63
1788933708.01,10.2,60.0,0.0,95.5,20.89,71.63
1788933709.015,6.5,60.1,0.0,99.49,32.83,94.51
1788933710.018,13.7,60.4,83.69,5906.31,156.43,622.71
1788933711.024,11.3,60.4,0.0,497.45,59.69,694.44
1788933712.025,6.0,60.3,0.0,99.86,15.98,75.89
1788933713.03,8.1,60.4,270.61,517.35,100.49,144.26
1788933714.035,13.1,60.3,7.96,103.52,8.96,31.85
1788933715.038,8.1,60.2,63.79,139.53,32.89,484.38
1788933716.043,8.0,60.2,0.0,103.47,26.86,73.63
1788933717.05,6.7,60.1,0.0,218.57,18.88,68.55
1788933718.055,8.6,60.2,0.0,1126.23,18.9,79.59
1788933719.06,5.9,60.2,0.0,99.49,16.91,70.64
1788933720.061,8.7,60.2,0.0,163.85,129.88,620.45
1788933721.066,9.6,60.2,0.0,99.49,42.78,1274.48
1788933722.071,5.7,60.2,0.0,274.71,20.9,79.63
1788933723.073,5.4,60.0,0.0,99.79,14.97,14.97
1788933724.075,5.0,59.9,0.0,99.76,19.95,73.82
1788933725.086,5.4,60.1,0.0,94.98,20.78,75.19
1788933726.091,4.9,60.0,0.0,99.49,20.89,80.59
1788933727.096,5.8,60.0,0.0,1106.39,20.89,64.67
1788933728.101,8.9,60.0,0.0,99.5,27.86,68.65
1788933729.106,5.7,60.0,63.68,99.49,15.92,72.63
1788933730.109,7.5,60.0,0.0,99.71,25.92,78.77
1788933731.114,7.0,60.2,0.0,214.91,78.6,137.3
1788933732.119,5.0,60.1,111.44,99.5,7.96,3.98
1788933733.122,5.3,60.1,0.0,99.75,15.96,68.83
1788933734.127,4.9,60.1,0.0,95.52,21.89,69.65
1788933735.132,14.3,60.8,282.57,214.91,88.55,562.15
1788933736.133,13.9,60.9,259.81,227.84,80.94,112.92
1788933737.138,13.5,60.5,0.0,99.5,18.9,708.4
1788933738.138,10.1,60.4,4.0,115.95,62.97,117.95
1788933739.143,9.7,60.5,99.5,151.23,134.32,764.13
1788933740.148,13.0,60.7,27.87,6649.28,70.67,137.37
1788933741.153,7.0,60.0,0.0,103.48,29.85,47.76
1788933742.159,4.4,59.9,63.6,166.95,20.87,71.55
1788933743.164,7.0,60.2,0.0,210.93,8.95,8.95
1788933744.169,17.0,60.7,163.17,310.43,86.56,160.19
1788933745.174,19.0,60.5,10431.07,8035.23,57.71,122.38
1788933746.179,9.6,60.4,3.98,569.29,27.87,11.94
1788933747.184,21.4,61.2,994.98,8142.94,1790.97,364.16
1788933748.189,22.1,61.2,202.97,4946.94,563.15,986.0
1788933749.194,17.7,61.1,1329.27,6713.99,1307.38,273.61
1788933750.199,12.9,61.3,6845.55,1667.61,92.53,162.18
1788933751.205,15.1,61.3,3.98,107.44,59.69,216.87
1788933752.21,17.6,61.4,135.32,7124.02,1043.73,231.83
1788933753.212,18.1,61.2,71.8,4731.0,814.76,247.32
1788933754.216,16.6,61.3,430.46,9079.62,605.84,279.01
1788933755.221,12.9,61.2,183.12,1946.59,75.63,155.25
1788933756.226,14.7,61.1,75.62,712.4,42.78,186.06
1788933757.231,9.2,60.9,3.98,131.33,1.99,4.97
1788933758.233,6.4,60.3,223.62,99.83,16.97,73.88
1788933759.235,5.9,60.3,0.0,99.76,26.93,140.66
1788933760.238,7.2,60.2,59.85,95.76,29.93,76.81
1788933761.243,5.8,60.0,274.61,103.48,14.92,68.65
1788933762.248,10.1,59.6,0.0,99.5,16.91,52.73
1788933763.249,10.8,60.0,0.0,99.84,24.96,93.85
1788933764.25,8.9,60.4,19.98,99.91,24.98,72.94
1788933765.255,9.4,60.6,123.38,3848.55,5.97,47.76
1788933766.259,11.9,60.6,3.99,318.88,20.93,79.72
1788933767.264,7.7,60.3,0.0,99.5,13.93,69.65
1788933768.27,4.8,60.0,826.78,1319.67,22.86,60.62
1788933769.275,10.1,59.9,7.96,234.81,18.9,78.6
1788933770.279,7.1,60.2,3.99,5453.38,41.86,136.53
1788933771.28,3.8,60.3,0.0,99.81,15.97,39.92
1788933772.283,6.4,59.9,31.93,99.78,28.94,117.75
1788933773.287,5.7,59.8,3.98,270.7,21.89,68.67
1788933774.292,6.7,60.4,11.94,370.12,11.94,8.95
1788933775.293,5.3,60.2,0.0,223.9,17.99,115.95
1788933776.298,5.9,60.0,0.0,1134.29,21.89,79.6
1788933777.318,11.2,60.3,0.0,94.09,16.66,62.73
1788933778.323,9.6,60.4,47.76,99.5,11.94,69.65
1788933779.323,13.7,60.4,7058.17,99.97,50.99,72.98
1788933780.326,11.8,60.4,7.98,99.75,59.85,75.81
1788933781.331,15.4,60.5,720.33,230.82,92.53,190.03
1788933782.336,7.7,60.4,19.9,489.52,72.63,9.95
1788933783.341,11.2,60.2,111.43,445.74,101.48,78.6
1788933784.346,8.7,60.2,15.92,175.15,37.82,83.6
1788933785.351,8.9,60.1,99.5,390.04,53.73,126.37
1788933786.356,6.8,60.2,15.93,191.14,42.81,122.45
1788933787.361,5.1,59.9,15.92,99.5,21.89,70.64
1788933788.366,8.6,60.3,0.0,115.41,22.88,91.54
1788933789.366,8.4,60.2,0.0,99.97,23.99,121.96
1788933790.37,7.2,60.2,1019.51,99.56,9.96,7.96
1788933791.375,5.0,60.1,0.0,533.29,13.93,65.67
1788933792.379,15.2,60.7,23.91,99.62,27.89,125.52
1788933793.384,11.5,60.7,0.0,127.36,30.85,75.62
1788933794.39,14.8,60.4,3.98,95.49,17.9,76.59
1788933795.395,7.8,60.3,35.82,1325.28,17.91,83.58
1788933796.399,10.2,60.3,0.0,99.59,17.93,73.7
1788933797.404,5.6,59.9,0.0,99.51,24.88,121.41
1788933798.406,7.1,60.2,0.0,99.79,13.97,4.99
1788933799.411,7.4,60.2,0.0,99.5,14.92,80.59
1788933800.416,7.7,60.0,0.0,4075.26,21.89,73.63
1788933801.421,4.3,59.7,0.0,99.5,23.88,71.64
1788933802.426,3.8,59.5,0.0,99.5,19.9,75.62
1788933803.431,3.5,59.4,0.0,254.61,23.87,125.32
1788933804.437,5.8,59.8,0.0,99.5,15.92,70.64
1788933805.44,10.9,60.2,3.98,103.6,33.87,91.64
1788933806.445,10.7,60.1,362.21,226.88,21.89,82.59
1788933807.449,9.1,60.1,733.45,107.63,5.98,2.99
1788933808.454,9.5,59.7,31.84,99.5,25.87,159.19
1788933809.455,7.0,59.8,19.98,107.92,22.98,69.95
1788933810.459,7.7,60.3,7.96,1130.93,11.95,76.66
1788933811.466,6.5,60.0,0.0,476.66,28.8,66.53
1788933812.469,15.0,59.8,0.0,99.67,13.95,77.74
1788933813.471,9.1,60.1,0.0,99.82,19.96,72.87
1788933814.476,8.1,60.1,0.0,99.49,24.87,119.39
1788933815.481,4.8,59.8,0.0,99.5,1.99,3.98
1788933816.486,3.9,59.7,0.0,99.5,24.87,79.6
1788933817.491,4.0,59.6,0.0,99.5,16.91,68.65
1788933818.493,4.1,59.6,0.0,99.81,23.95,74.85
1788933819.498,4.5,59.4,7.96,99.5,32.83,127.36
1788933820.512,3.9,59.4,39.46,465.64,15.78,61.16
1788933821.517,3.7,59.4,15.92,111.43,17.91,67.66
1788933822.522,4.3,59.3,3.98,99.5,39.8,21.89
1788933823.525,13.9,60.8,0.0,155.63,31.92,5.99
1788933824.53,10.9,61.6,286.53,175.1,24.87,16.91
1788933825.535,14.0,60.8,0.0,99.5,64.67,181.08
1788933826.538,9.9,60.6,31.9,1144.56,36.89,68.79
1788933827.543,6.2,60.6,0.0,756.18,4.97,18.9
1788933828.548,12.2,61.2,246.76,171.14,16.91,73.63
1788933829.556,8.4,60.4,134.94,103.19,15.88,76.4
1788933830.561,9.9,60.3,8994.58,3888.36,48.75,146.26
1788933831.564,5.9,60.3,0.0,99.66,37.87,86.7
1788933832.569,4.6,60.2,0.0,99.5,19.9,17.91
1788933833.574,10.3,61.6,0.0,99.57,24.89,136.41
1788933834.578,11.6,61.6,15.92,175.17,44.79,83.6
1788933835.581,7.7,61.6,0.0,107.7,25.93,109.7
1788933836.586,7.9,60.9,31.84,903.46,4.98,3.98
1788933837.591,5.3,60.4,0.0,99.5,25.87,83.58
1788933838.596,11.3,60.3,0.0,95.51,28.85,81.58
1788933839.601,5.9,60.2,0.0,103.48,18.9,85.57
1788933840.606,7.3,60.2,35.82,99.5,16.91,63.68
1788933841.611,7.3,60.2,3.98,103.48,15.92,55.72
1788933842.612,10.3,60.1,39.99,99.98,10.0,78.99
1788933843.617,9.4,60.1,7.96,111.44,31.84,84.57
1788933844.622,7.2,60.0,0.0,99.5,22.88,66.66
1788933845.627,9.0,60.1,0.0,103.48,14.92,61.69
1788933846.632,9.1,60.0,27.86,99.5,33.83,145.27
1788933847.637,9.9,60.3,39.8,191.03,53.73,79.6
1788933848.638,4.9,59.7,0.0,99.93,20.99,68.96
1788933849.643,6.5,60.0,979.05,99.5,14.92,11.94
1788933850.644,6.0,60.0,0.0,115.86,14.98,67.92
1788933851.646,9.4,60.2,0.0,103.79,21.96,81.83
1788933852.651,9.7,60.0,0.0,99.5,24.87,146.26
1788933853.656,7.2,60.0,3.98,99.5,19.9,62.68
1788933854.661,8.8,60.2,0.0,159.2,20.89,65.67
1788933855.667,9.9,60.4,3.98,222.66,58.65,72.56
1788933856.672,7.5,60.1,3.98,537.27,32.83,66.66
1788933857.677,9.1,60.1,63.68,1058.62,36.81,58.7
1788933858.679,12.8,60.9,3.99,191.63,41.92,108.79
1788933859.684,13.1,61.9,63.68,183.07,34.82,134.32
1788933860.686,12.3,60.8,111.75,5339.97,54.88,111.75
1788933861.687,7.7,60.8,0.0,99.91,30.97,12.99
1788933862.692,6.2,60.8,11.94,103.48,40.79,121.39
1788933863.697,8.1,60.9,15.92,314.42,32.83,79.6
1788933864.703,13.1,60.7,186.99,397.84,130.29,624.61
1788933865.708,9.1,60.7,0.0,107.45,19.9,84.57
1788933866.712,7.3,60.6,0.0,362.39,21.9,65.71
1788933867.717,11.8,60.6,0.0,111.43,32.83,157.2
1788933868.723,9.3,61.2,0.0,99.49,24.87,77.6
1788933869.725,14.9,60.8,155.57,271.24,67.81,67.81
1788933870.728,18.8,60.8,15.96,394.97,109.71,605.42
1788933871.733,12.4,61.3,0.0,318.4,41.79,110.44
1788933872.738,8.9,61.3,7.96,1094.5,57.71,99.5
1788933873.743,5.6,60.5,0.0,397.99,60.69,724.34
1788933874.743,8.2,60.8,1603.49,539.83,109.97,107.97
1788933875.748,16.4,60.7,2980.94,1699.41,50.74,111.44
1788933876.749,8.0,60.4,5374.56,619.83,92.98,8036.85
1788933877.754,7.9,60.2,0.0,1134.26,57.71,108.45
1788933878.759,6.5,60.2,0.0,513.4,56.71,112.43
1788933879.764,8.0,60.1,3.98,565.14,105.47,584.05
1788933880.769,13.0,60.1,0.0,525.36,46.77,102.49
1788933881.774,5.1,60.0,0.0,509.39,41.79,99.49
1788933882.779,19.4,61.1,6049.36,5281.25,48.75,50.74
1788933883.78,5.9,60.3,107.94,627.63,73.96,1291.24
1788933884.79,5.4,59.9,71.28,633.63,374.24,447.5
1788933885.8,12.0,60.1,7.92,530.66,45.54,85.14
1788933886.81,5.3,59.8,23.76,427.7,42.57,88.11
1788933902.749,10.7,60.4,5.02,375.93,2.89,7.22
1788933903.759,32.0,60.2,6352.3,1908.86,63.36,116.83
1788933904.769,18.7,60.5,7908.7,1453.43,63.36,53.46
1788933905.779,23.3,60.2,95.05,4661.27,52.47,115.84
1788933906.789,20.8,60.4,23116.26,2586.07,48.51,168.31
1788933907.799,7.6,60.5,265.34,910.87,68.31,126.73
1788933908.809,7.2,60.1,126.73,546.52,57.42,106.93
1788933909.819,4.5,60.3,87.13,320.78,47.52,103.96
1788933910.829,6.5,60.1,300.98,887.1,43.56,99.01
1788933911.83,14.4,60.3,147.8,439.4,43.94,101.86
1788933912.84,4.0,60.1,63.36,320.78,35.64,61.38
1788933913.85,6.2,60.3,2887.07,439.59,35.64,105.94
1788933914.857,6.9,60.1,361.52,433.03,47.67,94.35
1788933915.867,6.5,60.2,997.99,562.36,58.41,110.89
1788933916.871,12.6,60.2,15855.56,697.34,63.76,108.59
1788933917.881,19.7,60.6,5825.58,3564.26,63.36,171.28
1788933918.891,9.6,60.3,158.41,554.44,56.43,106.93
1788933919.892,4.7,60.2,63.92,327.61,51.94,105.87
1788933920.901,3.9,60.5,218.21,726.06,40.67,51.58
1788933921.911,3.7,60.3,126.73,693.05,27.72,95.05
1788933922.921,11.1,60.6,5936.47,756.41,48.51,131.68
1788933923.931,5.7,60.2,110.89,443.55,46.53,103.96
1788933924.941,11.7,60.5,182.17,558.4,51.48,71.29
1788933925.951,4.6,60.2,110.89,447.52,40.59,100.99
1788933926.958,9.2,60.4,95.28,365.25,36.72,62.53
1788933927.961,4.8,60.2,235.36,446.78,42.88,86.76
1788933928.962,3.4,60.3,111.93,679.59,23.99,29.98
1788933929.967,3.5,60.1,119.39,585.0,16.91,22.88
1788933930.973,4.1,60.1,401.64,1407.71,38.77,41.75
1788933931.983,11.8,60.4,79.21,368.3,27.72,34.65
1788933932.993,4.1,60.4,95.05,574.24,28.71,31.68
1788933934.003,4.5,60.4,174.25,724.74,27.72,29.7
1788933935.013,8.8,60.4,162.37,6863.19,27.72,31.68
1788933936.023,14.6,60.5,11639.36,902.95,38.61,43.56
1788933937.027,4.5,60.4,95.59,697.04,347.52,347.52
1788933938.031,12.5,60.5,1409.95,697.01,27.88,27.88
1788933939.031,15.9,60.4,3571.79,767.96,45.0,45.0
1788933940.032,5.8,60.5,999.15,503.57,31.97,31.97
1788933941.039,22.1,60.5,1009.29,1351.02,36.76,34.77
1788933942.05,17.2,60.6,6351.41,1127.82,95.96,171.15
1788933943.06,7.5,60.5,1152.11,364.24,378.1,393.94
1788933944.07,13.0,60.6,498.95,803.87,77.22,144.54
1788933945.08,9.9,60.6,1330.66,3073.19,170.29,169.3
1788933946.09,14.4,60.5,2111.03,1045.61,64.36,68.32
1788933947.1,12.4,60.5,1334.36,2082.72,14.85,59.39
1788933948.11,7.5,60.2,277.26,178.24,47.53,148.53
1788933954.525,18.2,60.2,56.12,818.13,2.34,1.87
1788933955.535,4.6,60.2,2974.55,3065.65,13.86,18.81
1788933956.546,4.4,60.2,0.0,102.88,7.91,45.51
1788933957.553,9.9,60.2,47.65,103.24,50.63,280.92
1788933958.563,9.8,60.1,6558.75,99.01,24.75,24.75
1788933959.569,9.5,60.0,0.0,99.42,23.86,91.47
1788933960.579,12.1,60.3,15.84,110.89,49.51,137.63
1788933961.589,5.1,60.3,0.0,106.94,29.7,74.26
1788933962.599,4.5,60.2,0.0,99.02,25.74,63.37
1788933963.609,5.0,60.1,0.0,102.91,22.76,109.83
1788933964.619,3.4,60.1,0.0,99.01,7.92,3.96
1788933965.63,5.3,60.2,0.0,118.73,12.86,67.28
1788933966.641,3.6,60.2,0.0,98.87,20.76,67.23
1788933967.651,3.1,60.1,67.32,95.05,18.81,75.25
1788933968.662,3.6,60.1,0.0,98.9,20.77,141.43
1788933969.673,4.1,60.1,0.0,102.92,23.75,80.16
1788933970.683,9.2,60.1,142.57,4075.08,43.56,83.16
1788933971.693,7.5,60.1,11.88,154.46,36.63,86.14
1788933972.697,3.5,60.1,0.0,99.55,15.93,15.93
1788933973.707,3.7,60.1,0.0,99.01,19.8,69.31
1788933974.718,4.7,60.1,0.0,98.99,17.82,100.97
1788933975.728,7.1,60.1,3786.15,106.93,27.72,77.23
1788933976.738,3.2,60.1,0.0,94.99,11.87,72.23
1788933977.748,4.4,60.1,0.0,99.0,23.76,70.29
1788933978.758,5.0,60.1,0.0,106.92,19.8,77.22
1788933979.768,4.2,60.1,3.96,613.86,19.8,108.91
1788933980.779,3.3,60.1,27.71,98.98,14.85,25.74
1788933981.789,25.2,63.6,15144.02,1923.68,37.6,95.99
1788933982.794,11.1,62.8,1257.7,103.48,35.82,82.59
1788933983.799,12.9,63.0,63.68,103.48,36.82,83.58
1788933984.803,18.4,64.0,75.73,103.63,22.92,102.64
1788933985.809,11.6,63.3,4169.8,365.7,21.86,73.54
1788933986.812,14.3,60.3,989.19,319.09,91.74,585.34
1788933987.817,8.2,59.9,0.0,103.48,32.84,87.56
1788933988.822,17.4,60.1,684.57,306.46,127.36,624.87
1788933989.828,13.6,60.2,47.73,226.72,21.88,634.41
1788933990.833,13.6,60.0,31.84,103.48,6.97,66.67
1788933991.838,13.5,61.2,0.0,111.38,43.76,142.21
1788933992.842,9.9,60.8,83.66,171.3,7.97,1.99
1788933993.843,22.8,60.4,687.25,287.69,137.85,803.12
1788933994.848,11.6,60.3,0.0,99.5,21.89,91.54
1788933995.854,10.2,59.9,2768.6,2931.7,30.83,89.5
1788933996.859,8.6,59.3,51.74,99.5,32.83,86.56
1788933997.864,10.1,59.2,0.0,103.48,12.94,7.96
1788933998.869,7.3,59.1,31.83,107.44,5.97,61.68
1788933999.875,6.9,58.9,0.0,99.48,19.9,72.62
1788934000.88,11.5,59.6,0.0,7530.2,37.81,756.2
1788934001.885,16.2,59.3,0.0,222.76,30.83,85.52
1788934002.891,9.3,58.9,0.0,99.44,15.91,66.62
1788934003.894,24.8,60.9,10607.67,3397.64,35.89,87.73
1788934004.899,11.3,60.5,163.18,171.14,16.92,75.62
1788934005.904,9.9,59.5,19.9,123.38,28.85,85.57
1788934006.909,7.0,59.4,437.8,99.5,21.89,74.63
1788934007.913,11.4,60.4,494.06,183.28,7.97,7.97
1788934008.918,9.2,59.6,19.9,99.5,10.94,65.67
1788934009.923,8.8,59.3,27.86,111.44,25.87,68.65
1788934010.928,9.5,59.1,27.86,99.49,32.83,82.58
1788934011.929,17.6,60.2,9423.32,439.78,102.95,176.91
1788934012.934,15.2,60.0,768.14,1070.62,256.71,76.62
1788934013.939,20.5,60.1,9475.95,1922.25,103.48,108.45
1788934014.944,10.6,60.0,477.6,210.94,15.92,9.95
1788934015.949,9.7,59.5,167.15,2933.16,22.88,83.58
1788934016.954,6.7,59.3,31.84,115.42,26.86,107.46
1788934017.959,9.7,59.3,11.93,99.45,20.89,77.57
1788934018.965,11.6,59.4,7.96,135.28,34.82,101.46
1788934019.97,7.3,59.4,0.0,103.48,26.87,99.5
1788934020.975,6.2,59.1,19.9,1810.59,23.88,63.67
1788934021.98,6.6,58.9,0.0,485.52,22.88,114.42
1788934022.985,5.9,58.8,0.0,99.5,9.95,5.97
1788934023.991,6.7,58.9,95.46,1356.29,12.93,67.62
1788934024.996,7.1,58.9,0.0,99.5,17.91,69.65
1788934026.0,5.2,58.8,15.93,99.59,16.93,70.71
1788934027.0,13.0,60.8,31.98,207.89,23.99,117.94
1788934028.006,8.0,60.9,7.96,107.4,26.85,79.56
1788934029.022,6.8,60.4,0.0,165.41,18.71,70.89
1788934030.027,5.8,59.4,0.0,99.48,19.9,66.65
1788934031.032,8.8,59.3,19.9,7823.8,28.85,26.86
1788934032.037,3.6,58.8,0.0,99.5,32.84,144.28
1788934033.042,9.0,59.2,0.0,103.45,29.84,94.5
1788934034.047,11.8,60.4,15.92,214.92,36.81,141.29
1788934035.052,9.3,60.4,63.69,171.16,20.9,67.67
1788934036.057,7.3,59.8,0.0,111.44,9.95,8.96
1788934037.06,7.7,59.5,0.0,99.72,24.93,77.78
1788934038.065,7.0,59.6,0.0,95.55,15.93,102.52
1788934039.07,8.0,60.9,0.0,1130.27,27.86,69.65
1788934040.075,11.0,59.6,35.82,306.45,10.94,17.91
1788934041.08,8.0,60.2,0.0,99.49,7.96,65.66
1788934042.085,6.5,59.4,0.0,99.5,21.89,73.63
1788934043.09,7.5,58.9,7.96,99.5,27.86,128.35
1788934044.095,7.9,58.8,0.0,99.5,19.9,74.63
1788934045.1,12.6,59.7,15.92,103.48,22.89,75.62
1788934046.105,8.0,59.8,1237.75,7346.89,15.92,68.65
1788934047.111,9.1,60.8,0.0,166.99,18.89,78.52
1788934048.116,10.0,60.0,0.0,99.5,37.81,156.21
1788934049.121,7.2,59.9,0.0,99.5,30.84,98.5
1788934050.127,7.2,59.9,0.0,99.43,21.87,65.62
1788934051.134,7.9,59.7,0.0,111.26,20.86,71.52
1788934052.139,10.7,59.5,0.0,99.5,18.9,65.67
1788934053.144,9.0,59.5,11.94,966.82,16.91,37.8
1788934054.145,4.3,59.5,0.0,99.86,13.98,76.89
1788934055.151,6.5,60.5,0.0,95.49,27.85,79.58
1788934056.156,11.5,60.7,15.92,505.46,15.92,71.64
1788934057.161,11.2,60.2,366.09,210.9,15.92,9.95
1788934058.166,15.7,60.5,0.0,1357.19,19.9,187.06
1788934059.172,8.0,60.1,0.0,99.4,27.83,71.56
1788934060.177,14.5,59.9,481.58,2348.18,68.65,110.44
1788934061.182,8.8,60.0,242.78,3088.51,91.54,121.39
1788934062.187,8.7,60.5,103.48,111.44,8.95,5.97
1788934063.192,11.7,60.4,167.16,358.2,2.98,95.52
1788934064.196,11.7,60.9,23.9,1684.91,8.96,28.88
1788934065.202,12.4,60.5,0.0,99.5,0.99,0.99
1788934066.208,10.6,60.4,15.9,2916.84,6.95,5.96
1788934067.215,5.2,59.7,0.0,103.34,2.98,2.98
1788934068.22,8.3,59.7,986.46,1304.68,0.99,0.99
1788934069.225,11.8,60.7,298.5,401.98,68.65,71.64
1788934070.226,8.1,60.6,7.99,111.87,6.99,12.98
1788934071.228,7.0,60.4,1721.26,99.84,1.0,1.0
1788934072.235,7.1,60.2,4585.32,95.36,2.98,2.98
1788934073.24,12.3,60.0,0.0,99.5,0.99,0.99
1788934074.245,8.1,60.1,0.0,99.49,1.99,1.99
1788934075.25,3.7,60.0,0.0,99.5,1.99,45.77
1788934076.255,5.9,60.0,0.0,99.5,3.98,3.98
1788934077.26,6.4,60.0,15.91,99.46,2.98,2.98
1788934078.265,5.7,60.1,0.0,99.5,0.99,0.99
1788934079.27,9.8,60.2,1038.78,1297.48,1.99,2.98
1788934080.275,6.6,60.2,0.0,99.5,2.98,2.98
1788934081.28,3.1,60.0,15.92,795.91,8.95,1.99
1788934082.286,3.8,60.0,0.0,99.5,0.99,0.99
1788934083.291,7.0,60.1,31.83,107.43,1.99,1.99
1788934084.297,5.4,60.0,3.98,103.39,1.99,1.99
1788934085.302,3.8,59.9,0.0,99.46,1.99,1.99
1788934086.308,3.6,59.8,0.0,2915.2,0.99,0.99
1788934087.314,4.3,59.8,0.0,99.38,0.99,0.99
1788934088.319,4.8,59.8,0.0,99.5,1.99,1.99
1788934089.324,4.8,59.7,0.0,99.5,1.99,1.99
1788934090.327,5.1,59.6,7.98,5485.24,1.0,1.0
1788934091.332,7.3,59.8,0.0,597.0,24.88,24.88
1788934092.337,3.9,59.8,0.0,103.45,2.98,1.99
1788934093.343,3.8,59.8,0.0,99.46,1.99,1.99
1788934094.348,4.0,59.8,7.96,541.04,2.98,21.88
1788934095.353,3.9,59.8,0.0,99.5,2.98,1.99
1788934096.359,4.3,59.8,0.0,103.44,0.99,3.98
1788934097.364,3.7,59.8,3.98,99.5,2.98,2.98
1788934098.369,10.9,59.8,19.89,95.46,1.99,48.72
1788934099.374,12.3,60.7,298.5,127.36,97.51,82.58
1788934100.379,13.0,60.4,15.92,99.5,19.9,34.82
1788934101.385,9.8,60.5,0.0,99.43,12.93,34.8
1788934102.39,16.5,61.7,0.0,99.49,2.98,1.99
1788934103.392,17.5,61.7,1222.09,2615.91,3.99,21.97
1788934104.395,15.0,61.4,0.0,99.65,23.91,12.95
1788934105.396,11.6,61.2,0.0,99.98,3.0,2.0
1788934106.401,9.5,61.2,0.0,99.5,1.99,1.99
1788934107.402,11.7,60.7,6537.99,95.91,15.99,76.93
1788934108.407,15.4,62.4,59.7,2873.54,7.96,24.87
1788934109.411,8.5,61.5,7.96,99.52,7.96,17.91
1788934110.416,10.8,61.8,0.0,171.13,1.99,1.99
1788934111.422,9.7,61.0,7.96,863.2,5.97,14.92
1788934112.427,5.6,60.3,0.0,103.48,1.0,1.0
1788934113.432,7.2,60.3,0.0,99.5,2.98,2.98
1788934114.437,19.6,60.4,0.0,103.48,2.98,2.98
1788934115.443,5.1,60.3,3.98,2775.31,0.99,20.87
1788934116.445,7.3,60.3,0.0,99.77,4.99,2.0
1788934117.45,8.7,60.3,0.0,99.5,0.99,0.99
1788934118.456,15.2,60.2,0.0,1727.24,0.99,0.99
1788934119.461,8.3,60.2,0.0,222.86,3.98,4.97
1788934120.467,9.1,60.2,3.98,3944.95,1.99,1.99
1788934121.472,6.9,60.1,3.98,266.65,62.68,24.87
1788934122.477,6.1,60.3,0.0,99.46,0.99,0.99
1788934123.477,9.4,60.4,31.99,107.98,16.0,10.0
1788934124.485,7.4,60.6,0.0,95.27,30.76,14.89
1788934125.49,4.6,60.2,15.92,99.5,1.99,0.99
1788934126.495,5.8,60.1,143.28,103.48,4.98,3.98
1788934127.5,4.5,60.4,35.82,481.54,83.57,31.84
1788934128.5,9.5,61.0,0.0,579.74,19.99,37.98
1788934129.506,4.3,60.2,0.0,107.43,1.99,1.99
1788934130.511,3.1,60.2,0.0,99.48,0.99,0.99
1788934131.516,3.9,60.1,0.0,99.48,2.98,1.99
1788934132.521,3.5,60.4,19.9,99.5,11.94,30.84
1788934133.522,2.3,60.3,4.0,95.93,6.99,3.0
1788934134.527,3.1,60.0,0.0,282.55,1.99,1.99
1788934135.533,2.8,60.0,0.0,99.42,0.99,0.99
1788934136.538,4.7,59.9,0.0,99.5,1.99,1.99
1788934137.544,7.0,59.8,47.73,839.31,2.98,2.98
1788934138.55,5.6,60.2,0.0,99.33,0.99,0.99
1788934139.555,8.1,60.0,7.96,99.49,1.99,2.98
1788934140.561,6.4,59.9,0.0,99.45,9.95,1.99
1788934141.568,6.2,59.9,0.0,103.32,0.99,0.99
1788934142.571,4.7,59.8,0.0,95.71,1.0,1.0
1788934143.576,9.9,60.5,0.0,99.5,1.99,1.99
1788934144.581,10.8,60.4,0.0,99.5,1.99,1.99
1788934145.586,7.5,60.4,0.0,99.5,1.99,1.99
1788934146.591,6.7,60.5,0.0,99.5,0.99,0.99
1788934147.593,6.5,60.6,3.99,103.72,1.99,1.99
1788934148.599,10.0,60.7,47.75,1130.01,2.98,2.98
1788934149.604,5.6,60.4,0.0,99.49,1.99,1.99
1788934150.608,7.8,60.6,23.9,3713.06,55.78,27.89
1788934151.613,5.4,61.2,0.0,143.25,39.79,33.82
1788934152.618,7.5,61.1,0.0,99.5,4.97,2.98
1788934153.623,4.2,60.5,0.0,103.48,1.99,1.99
1788934154.624,4.0,60.1,0.0,99.92,2.0,2.0
1788934155.629,6.1,60.5,0.0,99.47,1.99,4.97
1788934156.635,7.7,60.4,0.0,103.44,0.99,0.99
1788934157.64,5.0,60.4,0.0,688.5,4.97,2.98
1788934158.646,6.7,60.6,0.0,389.77,0.99,1.99
1788934159.651,6.6,60.6,0.0,95.49,2.98,2.98
1788934160.657,4.9,60.3,0.0,99.41,0.99,0.99
1788934161.662,6.0,60.4,15.91,99.44,3.98,1.99
1788934162.667,6.9,61.5,7.96,1285.54,51.74,6.96
1788934163.674,7.8,61.0,3.98,99.39,2.98,10.93
1788934164.679,8.8,60.7,0.0,99.5,2.98,2.98
1788934165.684,9.1,60.2,0.0,99.5,3.98,20.89
1788934166.689,5.1,60.3,0.0,99.5,1.0,1.99
1788934167.694,5.4,60.3,0.0,103.48,1.99,1.99
1788934168.699,10.1,60.8,0.0,346.12,2.98,4.97
1788934169.704,13.3,61.8,0.0,3358.68,3.98,5.97
1788934170.709,8.1,61.4,0.0,103.48,6.96,2.98
1788934171.715,13.5,61.0,0.0,99.48,0.99,0.99
1788934172.72,7.5,60.9,111.42,756.04,4.97,33.82
1788934173.726,7.9,60.5,19.87,99.35,6.95,25.83
1788934174.731,6.5,60.3,0.0,107.45,2.98,2.98
1788934175.737,4.9,60.2,0.0,2915.06,0.99,0.99
1788934176.757,8.7,60.1,0.0,94.12,1.96,1.96
1788934177.763,4.2,60.1,0.0,103.45,1.99,0.99
1788934178.768,4.3,60.1,0.0,99.5,0.99,0.99
1788934179.774,4.8,60.1,0.0,99.4,2.98,3.98
1788934180.779,5.8,60.1,0.0,4489.44,7.96,1.99
1788934181.784,4.6,60.1,0.0,99.5,2.99,1.99
1788934182.789,4.1,60.0,15.92,1130.2,0.99,0.99
1788934183.794,4.8,60.0,0.0,99.5,1.99,1.99
1788934184.799,4.6,60.0,31.84,107.46,4.98,14.93
1788934185.805,2.5,60.0,0.0,99.41,2.98,1.99
1788934186.81,8.5,60.5,0.0,103.47,5.97,4.97
1788934187.815,4.9,60.3,79.6,107.46,0.99,1.99
1788934188.82,3.2,60.2,0.0,99.48,1.99,1.99
1788934189.825,3.9,60.2,0.0,107.46,1.99,1.99
1788934190.83,6.8,60.2,0.0,99.5,2.99,1.99
1788934191.835,7.7,60.0,0.0,99.5,1.0,1.0
1788934192.84,3.0,60.0,0.0,99.5,1.99,1.99
1788934193.846,3.3,60.0,0.0,525.01,0.99,1.99
1788934194.851,2.1,60.0,0.0,95.5,2.98,1.99
1788934195.857,4.4,60.0,0.0,99.43,0.99,10.94
1788934196.862,3.3,60.0,0.0,99.5,2.98,2.98
1788934197.867,9.5,60.6,0.0,99.5,67.66,95.52
1788934198.873,14.4,60.7,0.0,115.31,11.93,37.78
1788934199.878,9.8,60.6,0.0,99.55,17.92,36.83
1788934200.883,4.6,60.4,0.0,99.5,7.96,1.99
1788934201.888,4.1,60.2,0.0,103.48,1.99,20.9
1788934202.891,3.3,60.4,0.0,95.68,1.99,1.99
1788934203.896,8.7,60.3,0.0,99.46,19.89,9.95
1788934204.902,10.0,60.3,891.35,815.75,384.0,139.27
1788934205.907,7.5,59.9,0.0,792.02,86.56,6.96
1788934206.911,11.0,59.9,282.82,7811.51,3781.27,112.53
1788934207.916,25.9,60.5,6160.67,8532.61,204.96,513.39
1788934208.918,14.4,60.8,670.64,1073.81,57.88,26.95
1788934209.92,13.3,61.2,227.54,1556.86,37.92,55.89
1788934210.922,12.7,61.1,15.96,4504.74,71.82,227.43
1788934211.927,10.3,61.3,0.0,95.6,4.98,13.94
1788934212.932,10.8,61.0,0.0,99.49,0.99,0.99
1788934213.934,15.3,61.0,3.99,211.51,2.0,2.0
1788934214.939,19.2,61.0,0.0,1321.31,5.97,25.87
1788934215.944,4.6,60.4,0.0,103.48,3.98,3.98
1788934216.949,6.8,62.1,159.17,107.44,2.98,1.99
1788934217.954,6.4,61.5,0.0,99.48,1.99,1.99
1788934218.959,9.3,62.4,123.4,206.99,3.98,17.91
1788934219.964,7.3,62.1,15.92,596.95,7.96,18.9
1788934220.972,10.0,61.8,416.96,536.09,11.91,24.82
1788934221.977,10.2,61.2,274.6,1002.88,41.79,38.8
1788934222.983,14.3,61.0,0.0,608.46,24.86,24.86
1788934223.989,10.3,60.9,95.43,1753.6,25.85,25.85
1788934224.994,6.3,60.6,0.0,608.92,25.87,58.7
1788934226.0,9.6,60.8,31.81,739.66,25.85,25.85
1788934227.005,8.0,60.6,0.0,481.55,25.87,24.87
1788934228.01,7.1,60.7,0.0,899.45,24.87,24.87
1788934229.014,12.3,60.6,0.0,478.07,23.9,23.9
1788934230.019,7.8,60.4,0.0,732.0,25.86,25.86
1788934231.024,8.2,60.7,0.0,1639.76,24.87,24.87
1788934232.029,7.0,60.6,0.0,493.52,24.87,24.87
1788934233.035,6.1,60.7,0.0,755.84,24.86,25.86
1788934234.04,5.8,60.8,0.0,624.78,25.87,24.87
1788934235.045,19.2,59.9,3.98,624.79,24.87,24.87
1788934236.05,11.9,59.5,0.0,624.86,25.87,26.86
1788934237.055,6.0,59.5,0.0,624.6,25.86,24.86
1788934238.056,5.2,59.3,0.0,1778.58,25.98,71.94
1788934239.061,7.3,59.2,15.92,624.86,24.88,23.88
1788934240.066,9.5,59.2,437.77,1627.7,25.87,26.86
1788934241.071,15.0,59.3,39.8,6638.33,37.81,38.8
1788934242.077,7.2,59.3,0.0,624.73,49.74,24.87
1788934243.082,7.2,59.2,95.5,648.62,24.87,24.87
1788934244.088,7.0,59.3,15.9,504.92,27.83,25.84
1788934245.09,6.2,59.3,0.0,642.88,25.95,49.91
1788934246.093,4.9,59.3,3.99,1140.58,25.92,27.92
1788934247.098,13.9,59.2,0.0,775.77,24.86,24.86
1788934248.104,7.7,59.3,47.74,648.42,24.86,24.86
1788934249.109,7.8,59.2,0.0,640.78,25.87,25.87
1788934250.114,8.4,59.2,3.98,648.74,25.87,25.87
1788934251.119,8.7,59.7,79.55,688.1,24.86,24.86
1788934252.125,16.0,60.0,8219.81,4221.31,34.81,40.78
1788934253.13,17.6,60.4,0.0,648.74,30.84,28.85
1788934254.135,7.3,60.4,31.84,2013.89,24.88,24.88
1788934255.14,3.4,60.3,0.0,652.92,24.88,24.88
1788934256.145,4.1,60.1,1775.05,3335.19,24.87,24.87
1788934257.15,6.4,60.2,15.91,799.7,24.87,24.87
1788934258.155,7.1,60.0,23.88,660.68,24.88,24.88
1788934259.161,13.3,59.7,0.0,656.39,25.86,25.86
1788934260.166,8.6,60.0,0.0,656.58,33.82,26.86
1788934261.171,10.3,60.5,0.0,660.64,26.86,36.81
1788934262.177,6.8,60.5,0.0,655.72,25.83,25.83
1788934263.183,7.0,60.1,0.0,656.43,24.86,24.86
1788934264.185,8.3,60.7,0.0,814.41,25.95,25.95
1788934265.19,9.5,60.6,0.0,672.6,27.86,45.77
1788934266.195,15.8,60.4,0.0,815.9,25.87,52.73
1788934267.2,8.1,60.5,0.0,815.9,25.87,24.87
1788934268.206,6.5,60.6,0.0,1026.02,24.86,24.86
1788934269.212,7.7,60.6,19.88,699.85,25.85,25.85
1788934270.218,6.7,60.5,79.48,4895.95,25.83,25.83
1788934271.223,8.9,60.6,0.0,2726.29,24.87,24.87
1788934272.225,16.9,61.1,15.97,526.85,30.93,28.94
1788934273.23,10.2,61.1,0.0,673.11,24.89,24.89
1788934274.235,12.1,61.0,0.0,1193.73,28.85,48.74
1788934275.24,9.3,60.9,3.98,688.53,30.84,38.8
1788934276.245,8.0,60.7,0.0,692.47,24.87,24.87
1788934277.25,8.5,60.7,0.0,688.5,24.87,24.87
1788934278.256,14.5,60.7,0.0,688.31,24.87,25.86
1788934279.261,6.0,60.5,7.96,1321.37,26.87,26.87
1788934280.266,7.7,60.4,59.7,959.18,53.73,27.86
1788934281.271,5.2,61.2,0.0,581.07,60.69,25.87
1788934282.276,5.5,60.6,0.0,835.67,24.87,24.87
1788934283.282,4.1,60.2,15.9,99.37,2.98,1.99
1788934284.287,3.9,60.0,0.0,99.49,2.98,12.93
1788934285.293,8.1,60.5,0.0,99.48,1.99,1.99
1788934286.298,6.3,60.2,67.66,139.29,23.88,25.87
1788934287.304,3.8,59.9,0.0,99.36,3.97,12.92
1788934288.31,2.8,59.8,15.91,99.41,4.97,3.98
1788934289.315,2.4,59.7,0.0,282.49,1.99,1.99
1788934290.321,3.2,59.8,0.0,95.45,0.99,0.99
1788934291.327,6.1,59.8,0.0,103.42,2.98,34.8
1788934292.332,5.5,59.8,47.75,99.48,0.99,1.99
1788934293.337,4.2,59.5,0.0,99.46,1.99,1.99
1788934294.343,3.2,59.4,0.0,99.45,1.99,1.99
1788934295.348,5.6,59.3,0.0,99.48,2.98,1.99
1788934296.353,3.4,59.4,0.0,99.47,0.99,0.99
1788934297.359,3.0,59.4,0.0,99.49,1.99,1.99
1788934298.36,2.1,59.4,0.0,95.84,1.0,1.0
1788934299.365,2.8,59.5,0.0,99.48,1.99,2.98
1788934300.367,12.3,59.5,0.0,4354.75,2.0,1.0
1788934301.372,3.1,59.5,0.0,1130.19,8.95,2.98
1788934302.378,2.9,59.5,0.0,298.25,1.99,9.94
1788934303.383,3.5,59.3,0.0,107.44,2.98,1.99
1788934304.389,4.5,59.3,0.0,222.61,1.99,1.99
1788934305.396,3.6,59.4,0.0,103.31,2.98,2.98
1788934306.401,5.7,59.4,0.0,107.45,6.96,3.98
1788934307.406,3.4,59.4,0.0,95.51,1.99,1.99
1788934308.411,5.4,59.4,1066.49,107.45,0.99,0.99
1788934309.416,3.5,59.4,0.0,99.49,1.99,1.99
1788934310.421,5.2,59.5,0.0,107.45,1.99,2.98
1788934311.426,6.8,59.5,19.9,210.93,0.99,0.99
1788934312.432,6.0,59.6,0.0,99.45,1.99,1.99
1788934313.437,5.8,59.6,0.0,99.49,0.99,0.99
1788934314.442,6.6,60.1,0.0,99.47,1.99,1.99
1788934315.447,5.7,59.9,0.0,99.49,1.99,1.99
1788934316.453,3.5,59.8,0.0,1193.68,0.99,0.99
1788934317.458,4.2,59.7,0.0,99.5,1.99,0.99
1788934318.463,4.8,59.5,0.0,99.49,1.99,2.98
1788934319.469,5.9,59.8,0.0,99.38,4.97,39.75
1788934320.474,9.7,60.6,0.0,99.49,12.93,3.98
1788934321.48,8.7,60.6,7.96,103.42,1.99,1.99
1788934322.485,8.1,60.4,0.0,99.5,0.99,0.99
1788934323.491,12.9,60.3,43.76,179.0,1.99,1.99
1788934324.496,9.4,60.4,7.96,107.45,5.97,5.97
1788934325.501,9.8,60.4,0.0,95.5,0.99,0.99
1788934326.507,7.8,60.4,27.84,99.43,2.98,2.98
1788934327.512,13.7,60.8,0.0,1133.52,47.73,47.73
1788934328.517,8.0,60.8,0.0,700.46,25.87,25.87
1788934329.524,10.2,60.1,0.0,703.55,24.84,33.79
1788934330.529,13.4,61.2,0.0,3443.48,45.78,25.88
1788934331.534,16.9,62.6,39.8,1006.91,24.87,24.87
1788934332.539,8.5,61.5,0.0,1102.45,29.85,29.85
1788934333.543,11.0,61.0,1938.92,2695.37,39.81,43.79
1788934334.545,9.7,60.9,287.38,706.47,33.93,38.92
1788934335.551,6.7,60.7,497.29,552.99,31.83,44.76
1788934336.556,13.3,60.5,0.0,708.11,24.86,24.86
1788934337.562,11.8,60.6,71.63,708.36,24.87,25.87
1788934338.567,7.2,60.6,11.94,867.63,27.86,38.8
1788934339.572,5.4,60.5,3.98,720.29,25.87,52.73
1788934340.577,6.2,60.5,0.0,875.54,25.87,24.87
1788934341.582,10.2,60.6,63.68,875.59,27.86,37.81
1788934342.586,16.0,60.8,143.48,805.06,115.58,162.41
1788934343.591,9.1,60.5,0.0,720.35,23.88,23.88
1788934344.596,7.6,60.5,0.0,720.25,25.87,25.87
1788934345.602,8.0,60.2,0.0,723.39,24.84,25.84
1788934346.607,7.3,60.1,0.0,720.37,25.87,24.87
1788934347.612,15.6,60.5,0.0,565.39,33.84,65.7
1788934348.617,16.5,60.8,0.0,720.28,49.74,26.86
1788934349.622,13.8,61.0,2411.73,895.44,26.86,45.77
1788934350.627,12.9,61.0,0.0,895.46,25.87,24.87
1788934351.635,10.1,61.0,3.97,2088.52,24.82,25.81
1788934352.64,9.8,61.0,0.0,736.29,25.87,24.87
1788934353.645,13.2,60.7,147.26,577.1,28.85,44.77
1788934354.651,15.5,60.8,0.0,894.18,37.75,82.46
1788934355.656,11.8,62.2,0.0,736.3,26.86,24.87
1788934356.661,11.1,62.5,83.58,1317.37,27.86,41.79
1788934357.666,14.4,61.9,3.98,967.13,30.84,40.79
1788934358.671,10.3,60.9,0.0,736.3,28.85,37.81
1788934359.676,5.9,60.6,0.0,736.29,24.87,24.87
1788934360.681,7.4,60.5,0.0,7597.77,32.83,25.87
1788934361.686,10.4,60.2,803.96,1373.1,23.88,23.88
1788934362.691,23.3,60.4,183.08,1914.37,28.85,46.76
1788934363.695,24.0,60.5,286.95,2315.51,24.91,24.91
1788934364.701,21.8,60.6,708.06,1432.04,26.85,34.81
1788934365.706,13.6,60.6,0.0,935.3,29.85,65.67
1788934366.711,10.0,60.6,3.98,756.2,26.86,24.87
1788934367.716,9.3,60.6,0.0,752.22,24.87,24.87
1788934368.716,8.4,60.9,15.99,883.32,25.98,63.95
1788934369.72,6.6,60.7,0.0,753.07,25.9,25.9
1788934370.725,11.2,60.6,7.96,871.63,60.7,27.86
1788934371.73,12.6,61.3,0.0,811.92,60.69,25.87
1788934372.736,5.8,60.8,0.0,767.45,24.85,24.85
1788934373.741,9.1,60.6,19.9,768.14,38.81,28.86
1788934374.746,7.0,60.7,7370.7,1886.45,29.85,28.85
1788934375.751,8.1,60.7,139.3,907.43,25.87,24.87
1788934376.757,9.1,60.5,0.0,767.79,29.84,31.83
1788934377.762,10.0,60.1,0.0,763.82,25.86,25.86
1788934378.768,8.3,60.2,0.0,978.21,24.85,26.84
1788934379.773,10.2,60.1,0.0,604.93,28.85,46.76
1788934380.778,8.2,60.1,0.0,772.12,32.84,25.87
1788934381.783,8.1,60.2,0.0,788.04,24.87,24.87
1788934382.789,6.2,60.1,0.0,955.13,24.87,26.86
1788934383.794,13.8,60.4,83.58,1631.79,24.87,24.87
1788934384.797,12.7,60.4,63.76,785.09,25.9,27.9
1788934385.802,4.4,60.4,0.0,608.9,24.87,24.87
1788934386.807,4.7,60.1,0.0,784.07,24.88,25.87
1788934387.812,6.2,60.3,0.0,784.06,24.87,24.87
1788934388.818,2.8,60.2,0.0,99.46,0.99,1.99
1788934389.823,3.1,59.8,0.0,99.5,3.98,3.98
1788934390.829,9.8,59.9,3.98,7032.24,24.85,25.84
1788934391.834,6.4,60.0,0.0,1130.31,1.99,1.99
1788934392.839,8.9,60.6,0.0,99.5,0.99,1.99
1788934393.844,4.3,60.6,0.0,99.5,0.99,0.99
1788934394.85,5.4,60.6,0.0,95.41,3.98,37.76
1788934395.855,5.6,60.7,0.0,103.48,2.98,16.91
1788934396.86,6.5,60.2,0.0,99.5,1.0,1.99
1788934397.867,8.3,60.8,0.0,99.35,3.97,3.97
1788934398.872,5.1,60.4,0.0,342.26,1.99,3.98
1788934399.877,5.6,60.7,0.0,143.28,37.81,3.98
1788934400.882,13.7,61.0,0.0,143.28,14.92,2.98
1788934401.887,8.3,60.9,0.0,99.5,5.97,3.98
1788934402.892,4.9,60.6,0.0,99.5,1.99,2.99
1788934403.897,3.0,60.3,0.0,1185.94,1.99,1.99
1788934404.902,4.1,60.1,0.0,99.5,2.98,4.97
1788934405.907,6.5,60.1,0.0,437.8,1.99,0.99
1788934406.912,4.9,60.0,0.0,99.5,1.99,3.98
1788934407.917,6.7,60.5,31.84,266.66,1.0,1.0
1788934408.923,4.8,60.2,0.0,99.46,1.99,2.98
1788934409.929,5.5,60.1,0.0,222.6,1.99,2.98
1788934410.934,7.1,60.5,0.0,103.48,2.99,11.94
1788934411.939,4.7,60.4,0.0,99.5,1.99,1.99
1788934412.94,6.2,60.6,0.0,95.9,4.0,21.98
1788934413.945,8.9,60.5,43.78,99.5,0.99,0.99
1788934414.95,11.8,60.5,0.0,99.49,2.98,4.97
1788934415.955,3.6,60.2,0.0,99.5,1.99,0.99
1788934416.96,2.6,60.2,0.0,99.5,1.99,2.99
1788934417.965,5.6,60.5,0.0,99.5,1.99,30.84
1788934418.97,3.0,60.2,0.0,99.5,1.99,5.97
1788934419.975,2.9,60.0,0.0,99.5,2.98,1.99
1788934420.979,4.5,60.0,3.99,3655.15,31.89,14.95
1788934421.984,3.0,60.1,0.0,99.5,33.83,2.98
1788934422.989,3.6,60.0,0.0,99.5,1.0,1.99
1788934423.994,3.0,59.9,3.98,107.45,19.9,10.94
1788934425.0,3.9,59.8,0.0,99.42,27.84,4.97
1788934426.005,4.0,59.8,318.4,103.48,7.96,5.97
1788934427.01,5.2,60.5,0.0,103.48,1.99,2.99
1788934428.015,8.0,60.4,191.04,107.46,9.95,19.9
1788934429.02,6.8,60.4,23.88,457.67,5.97,8.95
1788934430.027,5.8,60.3,0.0,95.37,7.95,1.99
1788934431.032,8.0,60.3,0.0,99.5,1.99,4.97
1788934432.037,17.4,61.1,6085.44,417.9,65.67,14.93
1788934433.042,13.1,61.3,1886.5,143.28,28.85,60.69
1788934434.047,13.2,60.5,39.8,115.42,9.95,5.97
1788934435.052,6.8,60.5,0.0,1703.44,2.99,2.99
1788934436.057,5.6,60.4,0.0,99.5,1.0,2.99
1788934437.062,5.5,60.6,0.0,99.5,0.99,0.99
1788934438.073,6.0,60.5,3.95,458.75,4.94,35.59
1788934439.078,8.3,60.6,0.0,99.5,0.99,0.99
1788934440.083,8.1,60.7,0.0,99.5,8.95,3.98
1788934441.088,8.8,60.8,0.0,222.88,1.99,1.99
1788934442.093,6.9,60.6,0.0,103.48,2.98,23.88
1788934443.098,6.6,60.5,0.0,99.5,1.0,10.95
1788934444.103,8.1,60.6,0.0,99.5,2.99,11.94
1788934445.108,7.8,60.4,111.44,99.5,2.99,2.99
1788934446.114,7.6,60.5,0.0,99.47,0.99,2.98
1788934447.119,7.4,60.4,0.0,95.53,1.0,1.0
1788934448.124,8.0,60.4,0.0,99.5,1.99,2.98
1788934449.129,5.7,60.4,0.0,103.48,0.99,0.99
1788934450.134,3.3,60.1,0.0,99.5,3.98,4.98
1788934451.139,14.7,60.7,0.0,6706.31,118.41,29.85
1788934452.144,10.1,60.8,15.92,99.5,2.98,4.97
1788934453.149,8.3,60.7,3.98,222.88,9.95,6.97
1788934454.154,9.4,60.7,0.0,99.5,1.0,1.99
1788934455.159,7.2,60.8,270.58,95.5,1.99,1.99
1788934456.164,6.0,60.8,0.0,103.48,5.97,7.96
1788934457.169,7.7,60.8,0.0,764.16,16.91,3.98
1788934458.174,15.0,60.9,179.1,270.64,55.72,24.87
1788934459.176,15.4,60.7,5975.43,343.51,129.81,50.93
1788934460.181,10.8,60.9,131.34,286.56,57.71,42.78
1788934461.186,8.4,60.9,0.0,262.68,60.69,42.78
1788934462.191,8.5,60.4,354.22,461.68,35.82,22.88
1788934463.196,12.3,61.0,600.98,545.26,86.57,49.75
1788934464.203,6.8,60.9,0.0,150.97,16.88,6.95
1788934465.208,5.5,60.6,0.0,99.5,1.99,1.99
1788934466.213,5.4,60.6,0.0,99.5,1.99,2.99
1788934467.218,6.4,60.5,0.0,370.14,1.99,29.85
1788934468.223,8.3,60.7,111.44,99.5,23.88,53.73
1788934469.228,11.9,60.9,1186.04,1030.82,347.25,32.83
1788934470.233,10.3,60.9,0.0,413.92,155.22,7.96
1788934471.238,16.0,61.2,79.6,246.76,117.41,24.88
1788934472.243,13.1,61.4,43.78,6534.87,3386.83,62.68
1788934473.248,10.5,61.4,63.65,8306.97,2615.82,63.65
1788934474.253,13.5,61.6,75.62,7339.06,3362.08,42.78
1788934475.258,12.7,61.5,226.86,131.34,0.99,2.98
1788934476.261,15.0,61.8,67.84,2035.15,2.0,5.99
1788934477.266,10.2,61.6,31.84,433.82,1.99,1.99
1788934478.271,10.8,61.5,15.92,99.5,15.92,61.69
1788934479.276,10.7,61.6,27.86,1150.22,1.99,1.99
1788934480.281,10.6,61.5,27.86,10642.47,8.95,8.95
1788934481.283,7.9,61.3,39.9,159.61,20.95,2.99
1788934482.288,8.7,61.5,15.92,99.5,12.93,9.95
1788934483.293,16.0,61.3,15.92,390.04,29.85,1.99
1788934484.298,16.6,60.6,0.0,99.5,1.99,2.98
1788934485.303,7.7,60.2,15.92,99.5,1.99,2.98
1788934486.308,6.3,60.1,0.0,103.48,8.96,7.96
1788934487.313,5.3,60.0,0.0,99.5,1.99,3.98
1788934488.318,7.6,60.9,35.82,1146.23,1.99,4.97
1788934489.323,10.9,61.2,3904.33,3092.42,1.99,1.99
1788934490.328,11.0,61.4,1038.73,95.52,1.99,2.98
1788934491.329,7.0,61.3,0.0,99.96,2.0,2.0
1788934492.334,10.4,61.5,15.92,577.1,0.99,1.99
1788934493.339,9.3,61.4,0.0,99.5,2.99,2.99
1788934494.344,9.5,61.2,0.0,1257.68,1.99,37.81
1788934495.349,9.8,61.4,0.0,99.5,1.99,1.99
1788934496.354,8.6,61.0,0.0,99.5,0.99,1.99
1788934497.359,9.1,61.2,0.0,99.5,1.0,1.0
1788934498.364,7.1,60.1,0.0,103.48,2.98,3.98
1788934499.366,9.7,60.8,131.77,95.83,2.0,2.0
1788934500.371,10.0,60.7,0.0,111.37,7.95,2.98
1788934501.377,9.0,60.6,15.92,103.48,1.99,3.98
1788934502.382,5.9,60.1,0.0,99.5,0.99,1.99
1788934503.387,5.9,60.0,0.0,99.5,2.99,1.99
1788934504.392,7.0,59.9,6841.65,238.8,5.97,3.98
1788934505.397,5.7,59.7,0.0,99.5,1.0,1.0
1788934506.402,5.2,59.7,0.0,99.5,1.99,2.98
1788934507.403,4.7,59.6,83.88,99.86,1.0,2.0
1788934508.408,5.3,59.5,0.0,242.75,2.98,11.94
1788934509.413,13.0,59.5,2937.27,103.48,2.99,2.99
1788934510.418,8.0,59.5,0.0,3728.26,25.86,25.86
1788934511.424,5.6,59.4,7.96,99.5,1.99,1.99
1788934512.429,5.5,59.3,27.86,99.5,1.99,3.98
1788934513.434,4.5,59.3,0.0,99.5,1.0,1.0
1788934514.439,5.8,59.3,0.0,99.5,1.99,3.98
1788934515.444,5.3,59.4,0.0,99.5,1.99,3.98
1788934516.446,4.6,59.3,0.0,99.72,1.99,2.99
1788934517.451,4.7,59.4,19.9,103.48,4.97,2.98
1788934518.456,6.3,59.4,71.64,103.48,1.0,31.84
1788934519.461,5.0,59.4,0.0,99.5,2.99,1.99
1788934520.467,6.2,59.4,0.0,660.03,1.99,2.98
1788934521.473,5.1,59.4,0.0,99.5,1.99,1.99
1788934522.478,13.6,59.4,0.0,99.5,1.0,2.99
1788934523.483,9.1,59.3,0.0,99.5,1.0,1.0
1788934524.488,6.9,59.3,0.0,99.5,2.98,3.98
1788934525.491,5.7,59.3,0.0,95.67,1.0,1.0
1788934526.496,6.5,59.3,0.0,103.48,0.99,3.98
1788934527.501,17.3,62.6,362.18,413.92,1.99,1.99
1788934528.506,7.4,61.3,15.92,99.5,5.97,4.97
1788934529.511,13.2,62.2,3506.38,171.14,2.98,3.98
1788934530.516,13.7,61.9,1253.69,210.94,6.96,10.94
1788934531.521,12.0,61.1,3868.53,103.48,2.98,2.98
1788934532.526,15.7,61.4,3617.8,2945.19,1.99,3.98
1788934533.531,16.7,61.1,11084.34,1675.59,58.71,53.73
1788934534.531,4.8,60.9,171.98,799.89,25.0,26.0
1788934535.536,6.0,60.8,2698.43,3625.77,24.87,24.87
1788934536.541,6.1,60.8,672.62,1217.88,24.88,26.87
1788934537.546,10.5,61.2,0.0,803.96,24.87,24.87
1788934538.551,17.4,61.2,15.93,1139.05,29.87,37.84
1788934539.556,11.8,61.4,3.98,1197.98,29.85,28.85
1788934540.557,10.2,61.4,11.99,5997.48,36.96,30.97
1788934541.562,10.5,61.9,0.0,975.54,26.88,55.75
1788934542.572,7.1,60.9,15.83,1258.6,27.71,38.59
1788934543.577,10.8,61.1,55.72,823.85,30.84,29.85
1788934544.582,11.5,60.3,0.0,859.68,25.87,26.86
1788934545.588,5.1,60.6,15.91,815.27,24.86,25.85
1788934546.593,5.7,60.6,0.0,1444.73,29.85,28.85
1788934547.598,6.6,60.3,493.52,4087.46,25.87,25.87
1788934548.603,12.0,60.8,784.06,1018.89,25.87,36.82
1788934549.608,13.9,60.6,553.22,644.76,29.85,28.86
1788934550.614,15.1,60.6,95.49,958.83,81.56,45.75
1788934551.619,9.1,60.8,0.0,632.7,25.87,48.75
1788934552.624,8.2,60.6,0.0,1054.69,25.87,26.86
1788934553.629,8.5,60.4,55.72,1006.93,24.87,37.81
1788934554.634,10.3,60.4,15.92,835.8,26.87,27.86
1788934555.639,17.9,60.7,163.12,839.45,90.51,40.78
1788934556.644,8.8,60.7,1186.02,855.68,104.47,64.67
1788934557.649,7.7,60.6,0.0,847.74,26.87,24.88
1788934558.654,7.0,60.5,35.82,696.5,24.87,25.87
1788934559.66,6.7,60.4,127.27,1193.18,26.85,27.84
1788934560.665,10.4,60.5,143.28,831.82,33.83,28.85
1788934561.67,12.1,60.3,0.0,835.8,32.83,25.87
1788934562.675,15.6,61.6,91.54,1046.74,100.49,40.79
1788934563.68,12.9,61.4,131.34,1193.99,96.51,67.66
1788934564.685,10.7,61.3,95.52,752.22,57.71,28.86
1788934565.69,14.6,62.0,99.5,1285.53,25.87,56.71
1788934566.695,15.6,61.7,163.18,3633.73,28.85,83.58
1788934567.701,11.2,61.2,63.65,918.92,24.86,24.86
1788934568.707,8.3,62.3,23.85,3065.31,24.85,25.84
1788934569.709,11.9,61.2,398.96,2565.33,24.94,24.94
1788934570.714,8.2,61.3,7482.47,5862.59,25.87,26.87
1788934571.72,17.1,56.2,1926.31,1241.76,28.85,39.8
1788934572.725,14.9,56.2,3582.01,612.92,21.89,31.84
1788934573.73,17.3,55.8,664.66,1842.73,20.89,22.88
1788934574.735,7.0,56.2,1428.82,867.64,26.86,33.83
1788934575.74,17.8,52.2,2969.07,4955.08,24.87,26.86
1788934576.745,12.7,52.6,17508.28,171.1,20.89,22.88
1788934577.75,22.9,53.8,11744.78,1134.28,20.89,20.89
1788934578.755,32.9,56.5,57255.64,1699.09,167.12,58.69
1788934579.76,68.4,60.2,15343.83,6124.0,48.75,28.85
1788934580.765,43.5,60.7,13830.58,1293.51,35.82,26.87
1788934581.77,49.5,61.7,26243.62,2475.51,159.2,52.73
1788934582.779,13.7,61.2,1396.14,2471.0,202.28,80.32
1788934583.784,11.4,61.0,13583.57,222.88,139.3,311.43
1788934584.789,14.2,60.6,234.82,1158.19,44.78,36.82
1788934585.794,18.7,61.6,2933.24,3713.32,122.38,78.6
1788934586.799,9.2,60.8,107.46,358.2,89.55,44.77
1788934587.804,21.5,60.4,17937.94,1393.01,90.55,80.6
1788934588.809,10.9,61.0,9846.47,195.02,29.85,30.84
1788934589.814,13.5,60.8,0.0,99.5,23.88,82.59
1788934590.816,15.3,58.2,2276.18,786.68,72.88,55.91
1788934591.821,10.6,57.2,1341.04,111.42,20.89,25.87
1788934592.826,11.9,57.6,497.38,99.48,21.88,22.88
1788934593.832,8.7,57.1,47.75,596.86,26.86,29.84
1788934594.837,15.2,55.2,807.78,2276.1,24.87,26.86
1788934595.86,24.2,55.6,67330.64,3331.34,26.39,30.3
1788934596.865,43.6,57.7,130825.23,4206.05,33.82,23.88
1788934597.87,52.1,59.0,24735.47,6947.9,23.88,40.79
1788934598.875,39.2,57.9,4611.82,521.27,0.99,6.96
1788934599.881,5.1,56.9,545.18,99.48,0.0,0.99
1788934600.886,7.3,56.9,71.63,7409.67,0.0,2.98
1788934601.891,5.8,57.1,1663.42,210.91,0.0,0.0
1788934602.896,5.8,56.8,0.0,374.07,0.0,2.98
1788934603.901,4.4,56.7,0.0,103.47,0.0,0.0
1788934604.906,6.2,57.0,202.96,147.24,0.0,0.99
1788934605.911,4.3,56.7,27.86,167.14,0.99,0.99
1788934606.917,4.9,56.9,7.95,99.4,0.0,0.99
1788934607.921,3.3,56.7,765.28,107.62,0.0,0.0
1788934608.926,3.9,56.8,409.9,99.49,0.0,1.99
1788934609.931,5.8,56.8,3287.21,1384.93,4.97,1.99
1788934610.936,5.0,56.7,95.51,107.45,38.8,2.98
1788934611.941,5.4,56.7,47.76,99.49,58.7,1.99
1788934612.947,7.8,56.8,6912.82,99.49,63.68,3.98
1788934613.952,4.5,56.7,0.0,99.49,37.81,1.99
1788934614.957,3.4,56.6,0.0,99.49,90.54,3.98
1788934615.962,2.6,56.7,0.0,135.23,112.36,3.98
1788934616.967,3.0,56.6,0.0,99.5,105.47,5.97
1788934617.972,3.1,56.6,0.0,103.48,55.72,1.99
1788934618.978,3.1,56.6,0.0,99.5,27.86,1.99
1788934619.983,3.1,56.6,0.0,99.5,107.46,3.98
1788934620.988,3.4,56.7,0.0,99.5,69.65,3.98
1788934621.993,3.1,56.7,0.0,103.48,47.76,1.99
1788934622.993,2.3,56.7,4.0,143.94,38.98,3.0
1788934623.998,2.4,56.6,0.0,99.5,84.57,3.98
1788934625.003,2.9,56.5,0.0,99.5,63.68,3.98
1788934626.008,3.7,56.7,0.0,99.5,52.73,1.99
1788934627.013,3.3,56.6,0.0,99.5,42.78,2.98
1788934628.018,3.6,56.6,0.0,354.22,39.8,1.99
1788934629.023,3.2,56.5,0.0,99.5,14.92,10.94
1788934630.028,2.9,56.5,0.0,99.5,41.79,1.99
1788934631.031,4.5,56.6,0.0,3719.39,68.84,22.95
1788934632.036,2.5,56.6,11.94,99.5,12.93,0.99
1788934633.041,2.8,56.5,0.0,99.5,41.79,2.98
1788934634.046,3.6,56.3,0.0,99.5,81.59,1.99
1788934635.051,3.2,56.3,0.0,99.5,73.63,2.98
1788934636.056,3.5,56.4,0.0,103.47,84.57,2.98
1788934637.061,2.9,56.4,0.0,99.5,71.64,2.98
1788934638.066,2.7,56.2,0.0,99.5,23.88,0.99
1788934639.08,2.3,56.3,0.0,94.63,71.96,2.96
1788934640.086,2.4,56.1,0.0,99.5,31.84,0.99
1788934641.091,3.3,56.4,31.84,99.5,61.69,2.98
1788934642.096,3.3,56.4,0.0,99.5,57.71,1.99
1788934643.101,3.0,56.3,0.0,99.5,40.79,1.99
1788934644.106,14.6,56.3,0.0,99.5,58.71,1.99
1788934645.111,3.4,56.2,0.0,99.5,75.62,2.99
1788934646.116,2.7,56.3,3.98,99.5,28.85,0.99
1788934647.118,1.8,56.3,0.0,95.77,64.84,2.0
1788934648.123,2.8,56.3,0.0,99.5,82.58,3.98
1788934649.128,3.5,56.2,0.0,99.5,121.39,3.98
1788934650.133,3.1,56.2,0.0,99.49,86.55,3.98
1788934651.138,3.1,56.3,0.0,99.5,67.66,1.99
1788934652.143,3.2,56.3,0.0,103.48,131.34,3.98
1788934653.148,3.5,56.3,0.0,99.5,80.6,2.99
1788934654.153,10.6,57.1,513.42,620.88,87.56,5.97
1788934655.154,9.1,57.8,383.84,2343.05,60.98,9.0
1788934656.159,5.7,57.0,15.92,99.48,64.66,1.99
1788934657.164,5.3,57.1,0.0,99.48,78.59,2.98
1788934658.169,5.3,56.9,15.92,99.5,55.72,1.99
1788934659.174,6.3,57.1,31.84,449.74,80.6,5.97
1788934660.179,10.2,56.9,15.92,3196.49,49.76,3.98
1788934661.184,9.2,56.9,0.0,2017.85,51.74,0.99
1788934662.19,6.9,56.7,0.0,99.46,13.92,0.99
1788934663.195,3.9,56.7,63.65,111.39,33.81,17.9
1788934664.2,7.0,56.8,27.86,230.84,88.56,28.86
1788934665.206,9.3,56.9,19.89,99.43,76.56,5.97
1788934666.21,15.0,57.4,6040.56,3042.18,257.83,35.84
1788934667.216,17.3,57.5,9276.95,358.18,192.03,42.78
1788934668.221,8.4,57.4,409.94,947.23,40.79,1.99
1788934669.226,4.9,57.1,0.0,127.36,44.78,1.0
1788934670.231,8.0,57.1,0.0,99.5,31.84,1.99
1788934671.233,6.1,57.6,111.74,95.78,58.86,2.0
1788934672.239,14.1,57.7,417.56,1507.19,113.34,35.79
1788934673.245,5.4,56.9,0.0,401.69,61.65,2.98
1788934674.25,3.4,56.7,0.0,99.5,19.9,1.0
1788934675.255,6.7,56.6,0.0,99.47,52.72,2.98
1788934676.26,10.1,56.5,159.19,3546.07,77.61,2.98
1788934677.265,8.4,56.6,0.0,103.48,95.52,3.98
1788934678.27,3.0,56.5,0.0,103.47,89.55,14.92
1788934679.273,2.0,56.4,0.0,95.75,86.77,2.99
1788934680.278,2.8,56.4,0.0,99.5,10.95,1.0
1788934681.283,3.3,56.5,0.0,107.46,30.84,0.99
1788934682.288,3.3,56.4,15.92,99.5,62.68,2.98
1788934683.293,3.4,56.4,0.0,99.45,104.43,2.98
1788934684.298,3.1,56.1,0.0,99.5,45.77,1.99
1788934685.303,5.7,56.4,11.94,354.22,39.8,1.99
1788934686.312,2.4,56.3,0.0,95.19,69.41,1.98
1788934687.317,2.2,56.4,0.0,222.75,79.55,3.98
1788934688.323,2.4,56.3,0.0,1129.69,16.91,0.0
1788934689.328,3.4,56.3,0.0,1432.53,110.42,4.97
1788934690.334,5.0,56.5,0.0,6585.34,84.55,3.98
1788934691.339,4.1,57.1,31.84,99.5,88.56,23.88
1788934692.344,3.3,56.7,0.0,99.5,61.69,1.99
1788934693.349,3.1,56.5,0.0,210.94,77.61,2.99
1788934694.352,2.5,56.4,0.0,99.71,103.7,3.99
1788934695.357,2.5,56.5,47.76,95.52,67.66,2.98
1788934696.362,3.2,56.5,0.0,103.47,75.61,2.98
1788934697.367,2.7,56.5,0.0,99.46,51.72,1.99
1788934698.372,3.3,56.2,0.0,99.49,78.6,2.98
1788934699.378,3.1,56.3,0.0,99.46,102.45,2.98
1788934700.383,3.7,56.4,0.0,99.5,87.56,3.98
1788934701.388,3.3,56.3,0.0,107.46,68.66,2.99
1788934702.391,2.3,56.3,0.0,95.65,61.78,1.99
1788934703.397,1.8,56.3,0.0,99.47,30.84,1.99
1788934704.402,5.9,56.2,31.84,99.49,78.6,2.98
1788934705.407,3.3,56.4,0.0,99.49,90.53,3.98
1788934706.412,3.3,56.4,0.0,99.48,73.62,2.98
1788934707.417,5.4,56.9,0.0,99.48,80.58,3.98
1788934708.422,12.0,56.6,43.78,489.54,70.65,5.97
1788934709.427,11.7,57.0,1002.95,4373.97,99.5,5.97
1788934710.433,7.4,56.8,465.22,99.41,91.45,3.98
1788934711.439,3.1,56.8,0.0,99.41,129.23,3.98
1788934712.445,4.4,56.8,15.92,425.75,151.2,4.97
1788934713.45,8.9,56.5,0.0,103.48,85.57,3.98
1788934714.456,4.7,56.4,0.0,99.38,201.75,4.97
1788934715.461,4.2,56.5,15.91,2924.21,117.37,3.98
1788934716.467,3.2,56.5,0.0,99.45,89.5,3.98
1788934717.472,3.3,56.2,0.0,99.5,72.64,2.99
1788934718.476,2.5,56.3,0.0,95.6,108.55,23.9
1788934719.481,2.3,56.3,0.0,99.47,59.68,1.99
1788934720.486,4.9,56.5,7.96,6109.37,117.41,3.98
1788934721.491,3.2,56.5,0.0,99.5,165.16,5.97
1788934722.496,3.2,56.2,0.0,99.5,143.28,3.98
1788934723.502,12.5,56.9,59.69,477.53,89.54,6.96
1788934724.507,7.3,56.4,0.0,99.5,28.85,0.99
1788934725.512,8.3,56.5,0.0,2921.32,74.63,2.99
1788934726.517,5.3,56.5,0.0,103.48,37.81,1.0
1788934727.52,7.0,57.8,0.0,111.68,60.83,4.99
1788934728.525,10.7,57.7,0.0,1400.1,75.57,5.97
1788934729.53,8.2,57.7,0.0,103.47,82.58,6.96
1788934730.537,8.4,57.6,3.97,111.29,61.6,2.98
1788934731.543,5.4,57.4,3.97,99.33,69.53,13.91
1788934732.549,4.8,57.1,0.0,99.49,13.93,0.99
1788934733.554,5.4,57.0,310.44,103.48,71.64,2.99
1788934734.559,3.8,56.9,0.0,99.41,55.67,1.99
1788934735.564,3.4,56.9,0.0,2913.43,7.96,11.94
1788934736.57,5.3,56.8,0.0,99.49,28.85,0.99
1788934737.575,4.3,56.8,0.0,99.46,65.64,1.99
1788934738.58,4.1,56.9,0.0,99.49,77.61,2.98
1788934739.585,9.6,57.5,0.0,99.49,166.15,16.91
1788934740.591,13.2,58.0,95.43,99.41,173.97,95.43
1788934741.596,9.6,57.5,0.0,103.47,63.67,34.82
1788934742.601,10.0,57.6,0.0,95.52,69.65,4.98
1788934743.602,11.6,58.0,0.0,99.89,153.83,23.97
1788934744.609,13.0,58.1,15.9,99.39,95.42,4.97
1788934745.615,12.1,58.1,0.0,99.34,108.28,13.91
1788934746.621,12.4,57.8,0.0,99.4,95.43,36.78
1788934747.626,8.2,57.9,0.0,99.48,95.5,53.72
1788934748.632,7.7,57.5,47.76,1544.24,68.65,26.86
1788934749.637,8.6,57.8,7.96,99.5,108.46,40.8
1788934750.642,16.5,57.4,0.0,6092.85,81.58,25.87
1788934751.647,7.3,57.2,0.0,1125.72,83.53,2.98
1788934752.652,6.9,57.3,0.0,99.49,162.17,4.97
1788934753.659,8.7,57.5,11.92,365.51,147.99,5.96
1788934754.664,6.3,57.1,0.0,99.48,72.62,2.98
1788934755.669,5.9,56.8,0.0,99.5,30.84,1.99
1788934756.676,9.5,57.5,0.0,103.32,87.42,22.85
1788934757.681,8.1,57.6,0.0,879.5,49.75,10.94
1788934758.686,8.1,57.3,0.0,99.5,89.55,3.98
1788934759.692,7.4,57.2,0.0,728.0,54.7,1.99
1788934760.697,8.0,57.4,0.0,99.5,95.52,3.98
1788934761.702,11.0,57.6,0.0,99.5,84.57,2.98
1788934762.707,6.5,57.5,0.0,99.5,62.68,2.98
1788934763.712,7.3,57.4,0.0,99.44,57.67,1.99
1788934764.718,5.8,57.5,15.92,270.57,56.7,7.96
1788934765.723,6.5,57.5,11.94,99.49,113.42,4.97
1788934766.728,6.2,57.5,0.0,99.5,80.6,2.99
1788934767.728,3.8,57.4,0.0,95.96,109.95,6.0
1788934768.733,5.1,57.3,0.0,99.5,79.6,2.98
1788934769.738,5.9,57.3,0.0,99.5,70.64,2.98
1788934770.743,11.6,58.6,0.0,111.44,92.54,14.93
1788934771.748,7.2,58.4,0.0,107.46,97.51,11.94
1788934772.753,5.4,57.7,7.96,99.5,74.62,3.98
1788934773.758,4.5,57.6,3.98,99.5,132.34,24.88
1788934774.764,3.4,57.4,31.81,95.43,65.61,1.99
1788934775.77,6.8,57.0,0.0,99.49,69.64,6.96
1788934776.775,4.9,57.0,15.92,99.5,84.58,8.96
1788934777.78,4.5,57.0,0.0,99.49,44.77,0.99
1788934778.785,3.5,57.0,0.0,222.88,13.93,1.0
1788934779.79,4.5,57.0,0.0,163.17,52.73,13.93
1788934780.795,8.3,57.0,0.0,5022.78,37.81,1.99
1788934781.8,6.2,57.5,0.0,99.46,70.62,1.99
1788934782.805,11.0,57.8,0.0,99.5,77.61,19.9
1788934783.811,6.7,57.7,0.0,95.48,64.65,1.99
1788934784.816,6.6,57.6,0.0,99.5,55.72,2.99
1788934785.821,8.2,57.7,11.94,171.14,79.6,11.94
1788934786.826,9.9,57.6,31.84,103.48,13.93,7.96
1788934787.831,7.9,57.6,0.0,111.43,50.74,3.98
1788934788.836,10.0,57.7,7.96,107.46,78.6,10.94
1788934789.841,5.4,57.4,0.0,111.39,85.53,4.97
1788934790.846,6.0,57.4,0.0,99.5,129.35,5.97
1788934791.852,4.1,57.1,0.0,95.43,118.3,3.98
1788934792.857,6.1,57.0,0.0,306.46,70.64,4.97
1788934793.863,6.4,57.4,0.0,99.5,118.4,3.98
1788934794.868,5.4,57.4,0.0,99.5,113.43,3.98
1788934795.873,6.0,57.5,0.0,99.5,75.62,2.98
1788934796.878,3.9,57.4,0.0,99.49,58.7,4.97
1788934797.883,4.3,57.4,0.0,99.5,80.59,2.98
1788934798.888,3.7,57.4,0.0,99.45,25.86,0.99
1788934799.894,2.9,57.5,0.0,95.46,105.41,3.98
1788934800.899,5.2,57.3,0.0,99.5,68.65,2.98
1788934801.904,4.5,57.3,0.0,103.48,61.69,2.98
1788934802.909,4.9,57.3,91.54,139.3,154.23,3.98
1788934803.914,4.7,57.3,3.98,99.5,133.32,14.92
1788934804.919,4.1,57.4,3.98,1197.9,99.49,2.98
1788934805.924,7.7,57.6,0.0,226.86,271.64,7.96
1788934806.928,12.4,58.2,15.94,107.62,136.52,48.83
1788934807.933,8.2,58.0,3.98,107.41,130.29,5.97
1788934808.938,8.9,57.9,19.9,99.5,106.46,4.97
1788934809.939,11.9,57.9,0.0,223.77,124.87,4.0
1788934810.944,14.8,58.4,0.0,5118.05,111.43,24.87
1788934811.949,12.7,58.4,31.84,175.12,89.55,12.93
1788934812.953,5.4,58.1,27.91,99.67,132.56,59.8
1788934813.958,4.3,57.5,0.0,99.5,63.68,1.99
1788934814.961,3.6,57.3,0.0,99.65,114.59,3.99
1788934815.968,2.9,57.5,0.0,99.29,97.3,3.97
1788934816.972,4.2,57.4,0.0,881.14,32.89,1.0
1788934817.977,19.3,58.5,664.65,644.75,67.66,2.98
1788934818.978,22.6,58.3,231.73,1278.51,115.86,4.0
1788934819.981,21.8,58.0,7.98,546.46,89.75,2.99
1788934820.986,18.9,57.8,306.54,704.64,62.7,1.99
1788934821.987,8.5,57.6,299.45,439.2,46.91,2.0
1788934822.988,7.0,57.4,0.0,99.91,87.92,3.0
1788934823.993,6.1,57.4,0.0,99.49,60.69,1.99
1788934824.994,7.0,57.2,0.0,99.91,15.99,1.0
1788934825.997,5.4,57.3,0.0,107.68,32.9,1.99
1788934827.001,8.7,57.7,0.0,1310.56,91.62,3.98
1788934828.002,8.4,57.6,23.98,115.93,149.9,10.99
1788934829.007,7.1,57.3,0.0,99.49,64.67,1.99
1788934830.012,7.1,57.4,0.0,99.5,66.66,2.98
1788934831.018,8.6,57.4,222.66,962.22,65.61,10.93
1788934832.023,6.1,57.2,0.0,103.48,116.41,3.98
1788934833.028,6.9,57.1,0.0,99.58,35.85,1.99
1788934834.033,7.5,57.2,0.0,99.5,47.76,1.99
1788934835.038,7.0,57.3,0.0,99.5,107.45,2.98
1788934836.043,6.9,57.2,0.0,238.78,79.59,2.98
1788934837.048,7.6,57.3,0.0,99.49,67.66,2.98
1788934838.053,13.2,57.3,0.0,278.59,48.75,10.94
1788934839.058,14.6,57.3,0.0,95.51,52.73,1.99
1788934840.063,7.2,57.3,0.0,99.5,111.44,3.98
1788934841.066,8.9,57.3,0.0,6278.0,135.61,4.99
1788934842.07,7.2,57.3,0.0,99.63,181.32,10.96
1788934843.074,7.9,57.3,3.98,99.53,148.3,55.74
1788934844.08,9.3,57.3,0.0,99.49,79.6,2.98
1788934845.081,7.0,57.3,0.0,99.82,83.85,2.99
1788934846.086,7.3,57.3,0.0,103.48,78.6,2.98
1788934847.092,6.9,57.5,0.0,95.46,96.45,2.98
1788934848.097,9.2,57.5,0.0,1142.21,56.71,1.99
1788934849.102,22.7,57.4,19.91,509.77,93.59,3.98
1788934850.107,8.0,57.3,0.0,111.43,99.49,3.98
1788934851.11,8.5,57.5,11.96,366.86,239.26,7.98
1788934852.114,14.0,57.9,3.98,685.05,289.75,9.96
1788934853.119,12.5,58.5,47.76,214.91,65.67,8.95
1788934854.121,12.0,58.7,0.0,1755.84,109.74,36.91
1788934855.127,4.6,58.2,11.94,95.51,133.32,4.97
1788934856.132,5.1,58.0,0.0,99.5,108.45,3.98
1788934857.137,3.4,57.6,0.0,99.49,96.51,3.98
1788934858.142,3.4,57.4,0.0,99.5,30.84,0.99
1788934859.146,4.5,57.4,0.0,119.52,101.59,8.96
1788934860.149,4.5,57.6,0.0,900.92,146.5,4.98
1788934861.154,5.1,57.6,0.0,103.47,143.27,3.98
1788934862.165,4.7,57.6,51.47,95.02,72.26,2.97
1788934863.17,4.4,57.8,0.0,99.5,93.53,2.98
1788934864.175,6.2,58.1,35.82,103.48,86.56,2.98
1788934865.176,4.8,57.7,0.0,99.85,60.91,2.0
1788934866.181,5.0,57.7,644.73,2917.19,130.34,3.98
1788934867.185,11.1,57.9,103.57,143.41,181.26,8.96
1788934868.19,6.5,57.3,207.04,2998.04,117.45,3.98
1788934869.195,9.2,57.2,171.14,202.98,0.0,0.0
1788934870.205,5.0,57.0,7.92,1595.79,0.0,0.0
1788934871.21,8.5,57.1,123.37,2825.67,20.89,20.89
1788934872.215,10.4,57.7,7.96,115.41,3.98,20.89
1788934873.221,11.2,57.6,585.02,179.09,0.0,0.0
1788934874.226,22.7,58.4,2085.4,851.67,0.0,0.0
1788934875.231,29.0,59.3,3195.87,1420.83,136.31,38.8
1788934876.236,69.3,61.7,1225.74,8142.41,58.7,14.92
1788934877.241,43.2,61.7,7597.71,4063.52,7.96,1.99
1788934878.244,37.1,61.9,30770.58,925.07,145.54,94.7
1788934879.249,16.7,61.6,155.22,3347.16,270.64,100.49
1788934880.252,8.2,61.2,175.51,127.64,26.92,193.46
1788934881.253,21.0,61.9,2896.9,1210.7,97.9,55.94
1788934882.258,25.3,61.5,22438.3,1369.06,52.73,40.79
1788934883.26,19.3,61.4,311.48,626.96,192.68,166.72
1788934884.265,13.2,61.5,91.54,99.5,43.78,20.89
1788934885.27,9.1,61.1,1687.48,103.48,6.96,26.86
1788934886.275,7.2,61.1,2678.15,2773.65,3.98,14.92
1788934887.28,10.0,61.0,0.0,107.45,3.98,8.95
1788934888.285,12.6,61.7,143.27,971.06,3.98,11.94
1788934889.289,12.2,61.4,1426.26,207.17,16.93,14.94
1788934890.293,15.6,61.7,7023.05,223.21,2.99,9.96
1788934891.297,9.9,61.4,621.22,103.54,1.99,1.99
1788934892.301,16.6,58.5,2258.22,1210.76,2.99,8.96
1788934893.304,11.9,58.0,1603.91,167.57,9.97,10.97
1788934894.309,12.3,58.1,612.63,107.41,1.99,9.95
1788934895.315,16.1,55.7,1042.47,2033.21,9.95,11.94
1788934896.32,15.9,56.1,18147.87,2864.83,53.72,1.99
1788934897.323,23.8,56.7,10996.6,1021.46,31.92,5.99
1788934898.328,34.4,58.8,21487.56,1074.38,153.2,36.81
1788934899.328,73.9,60.6,19415.28,5125.7,13.99,8.0
1788934900.332,45.6,61.2,8444.22,28960.71,58.81,21.93
1788934901.337,33.7,61.9,8898.67,1280.9,164.09,92.49
1788934902.342,13.7,61.5,55.71,2180.6,232.78,56.7
1788934903.348,8.9,61.4,63.67,242.73,48.74,246.71
1788934904.353,8.6,61.5,11.94,99.49,44.77,9.95
1788934905.358,22.0,61.7,10205.97,1253.85,162.2,115.43
1788934906.363,10.5,61.3,3075.96,2857.11,14.92,11.94
1788934907.366,14.3,61.1,135.52,99.64,37.87,73.74
1788934908.367,11.2,60.9,1183.24,111.93,9.99,6.0
1788934909.372,7.0,60.6,11.94,95.51,3.98,7.96
1788934910.377,8.0,60.4,7.96,111.42,3.98,11.94
1788934911.382,12.2,60.3,47.75,119.38,27.86,5.97
1788934912.387,13.6,60.9,0.0,99.52,1.0,7.96
1788934913.392,13.9,62.6,923.23,668.55,8.95,10.94
1788934914.398,12.4,61.6,819.77,2885.12,3.98,5.97
1788934915.4,9.9,61.2,2821.02,2924.76,2.0,13.97
1788934916.405,9.8,60.8,43.78,99.51,7.96,23.88
1788934917.411,5.0,60.1,0.0,95.45,2.98,1.99
1788934918.416,8.4,60.5,198.98,103.47,9.95,10.94
1788934919.421,8.0,60.6,19.9,234.8,65.66,5.97
1788934920.426,13.0,60.8,234.8,322.35,100.49,30.84
1788934921.428,7.8,60.6,0.0,111.76,2.99,4.99
1788934922.433,8.6,60.3,0.0,326.33,0.99,0.99
1788934923.438,9.1,60.3,3305.07,159.28,50.77,37.83
1788934924.445,25.4,61.5,13675.65,977.4,100.32,47.68
1788934925.449,7.7,61.4,47.79,1154.97,13.94,55.76
1788934926.454,7.7,61.4,35.82,99.5,1.99,1.99
1788934927.457,17.1,62.3,980.69,1307.59,11.96,7.97
1788934928.462,14.9,61.0,135.32,1014.91,3.98,22.89
1788934929.468,8.8,59.9,7.96,99.49,0.99,0.99
1788934930.471,11.8,61.0,3044.58,5148.69,56.79,77.71
1788934931.473,8.5,60.9,3.99,99.79,9.98,8.98
1788934932.479,10.7,60.6,111.44,226.85,2.98,64.67
1788934933.484,8.5,60.5,0.0,210.85,3.98,184.99
1788934934.489,10.0,60.4,234.81,99.49,1.99,1.99
1788934935.494,9.8,60.2,2837.55,2917.14,1.99,3.98
1788934936.499,13.9,60.5,39.8,115.41,36.81,32.83
1788934937.504,7.7,60.3,15.92,179.09,8.95,10.94
1788934938.508,8.7,60.1,0.0,123.6,1.0,1.0
1788934939.513,9.7,60.3,2037.66,210.93,22.88,245.75
1788934940.518,9.1,60.1,0.0,107.46,1.99,1.99
1788934941.526,9.4,60.6,226.15,103.15,102.16,8.93
1788934942.53,12.1,61.4,111.53,330.61,66.72,9.96
1788934943.535,9.7,60.8,51.74,1480.45,52.73,5.97
1788934944.539,8.7,60.5,0.0,227.19,71.75,6.98
1788934945.544,10.4,60.5,0.0,3947.92,96.51,5.97
1788934946.549,12.7,60.8,0.0,99.51,64.68,9.95
1788934947.551,11.1,60.7,10192.36,16923.39,102.8,12.97
1788934948.556,9.2,60.4,31.84,1257.64,106.46,10.94
1788934949.562,8.8,60.6,11.93,107.36,99.41,108.35
1788934950.567,18.4,61.3,509.42,250.73,110.44,24.87
1788934951.571,10.3,61.3,0.0,119.47,111.51,210.07
1788934952.576,14.2,60.9,0.0,99.49,58.7,4.97
1788934953.581,11.2,61.3,39.83,282.8,124.47,49.79
1788934954.586,15.4,60.9,0.0,99.49,109.44,236.79
1788934955.591,12.3,60.8,0.0,99.49,167.15,11.94
1788934956.596,9.7,61.0,0.0,99.5,244.77,7.96
1788934957.601,7.6,61.1,175.1,748.13,141.27,23.88
1788934958.604,9.6,60.9,7429.22,641.69,93.66,7.97
1788934959.61,5.8,60.3,0.0,99.5,130.34,5.97
1788934960.612,8.0,60.9,155.55,8208.17,228.34,17.95
1788934961.613,8.2,61.1,99.99,159.99,125.99,10.0
1788934962.618,4.0,60.4,0.0,99.49,129.34,8.95
1788934963.623,3.7,60.2,15.92,103.47,74.62,4.97
1788934964.628,3.5,60.1,7.96,95.48,103.44,8.95
1788934965.633,4.0,60.7,15.92,99.5,91.54,14.92
1788934966.638,3.8,60.3,23.88,103.48,93.53,4.97
1788934967.643,3.5,60.0,0.0,99.5,60.69,7.96
1788934968.648,4.3,59.9,1182.02,863.63,13.93,1.99
1788934969.653,3.5,59.8,3.98,111.43,41.79,6.96
1788934970.657,3.7,59.7,0.0,99.61,43.83,1.99
1788934971.662,4.1,60.0,15.92,469.63,79.6,8.95
1788934972.67,3.3,60.0,0.0,95.28,119.1,4.96
1788934973.675,1.6,59.8,0.0,99.5,13.93,5.97
1788934974.676,3.2,59.8,0.0,99.95,73.96,5.0
1788934975.681,3.3,59.7,0.0,99.5,72.63,3.98
1788934976.686,3.6,59.6,0.0,99.5,130.34,9.95
1788934977.691,5.3,59.8,772.08,394.0,107.46,5.97
1788934978.696,5.3,59.8,2921.1,2785.79,141.28,8.95
1788934979.696,3.8,59.7,0.0,99.95,142.93,7.0
1788934980.701,11.0,61.1,405.96,1245.73,124.37,10.94
1788934981.705,10.6,61.8,948.76,5401.54,115.6,11.96
1788934982.71,11.5,61.1,318.38,99.49,181.08,6.96
1788934983.715,5.9,60.5,0.0,99.49,130.34,23.88
1788934984.72,5.7,60.3,23.88,99.5,130.34,5.97
1788934985.725,6.3,60.3,139.29,2917.2,169.14,10.94
1788934986.73,9.2,60.1,111.44,103.48,381.07,9.95
1788934987.735,6.4,59.9,0.0,222.87,251.73,11.94
1788934988.741,6.4,60.3,0.0,95.49,133.28,5.97
1788934989.746,11.0,60.9,0.0,99.49,197.99,43.78
1788934990.751,15.8,61.0,0.0,5416.64,195.02,93.53
1788934991.756,12.7,61.2,43.78,99.5,169.14,61.69
1788934992.761,9.2,61.0,0.0,99.49,87.55,12.93
1788934993.766,8.1,60.8,0.0,513.39,135.31,6.96
1788934994.771,6.4,60.4,0.0,99.49,86.56,6.96
1788934995.772,6.5,60.2,15.99,811.28,244.78,8.99
1788934996.777,7.0,61.0,15.92,95.49,164.13,9.95
1788934997.782,7.6,61.0,0.0,99.49,199.98,6.96
1788934998.784,17.5,61.5,407.4,1234.2,119.82,37.94
1788934999.784,14.2,61.1,491.9,1335.73,386.92,15.0
1788935000.787,10.6,60.9,2090.05,179.49,305.13,13.96
1788935001.792,9.9,60.9,27.86,99.5,500.46,20.89
1788935002.794,13.0,61.5,107.8,638.8,730.63,15.97
1788935003.797,12.3,61.0,0.0,99.72,643.18,18.95
1788935004.803,9.1,60.5,0.0,95.39,281.19,21.86
1788935005.808,6.5,60.4,127.35,179.09,186.06,14.92
1788935006.812,6.7,60.4,0.0,99.63,178.33,9.96
1788935007.817,7.5,60.2,0.0,99.49,367.13,14.92
1788935008.822,7.5,60.0,0.0,103.47,318.38,15.92
1788935009.827,10.3,60.4,23.88,103.47,201.97,13.93
1788935010.83,9.2,60.4,0.0,103.76,145.66,16.96
1788935011.831,8.4,60.2,15.97,99.82,116.78,5.99
1788935012.843,6.4,60.1,0.0,94.93,284.78,12.85
1788935013.848,4.4,59.8,0.0,99.5,247.74,9.95
1788935014.848,5.4,59.6,0.0,99.94,228.86,7.0
1788935015.853,5.6,59.4,0.0,99.49,504.44,15.92
1788935016.854,5.3,59.3,79.96,99.95,377.8,12.99
1788935017.859,6.0,59.2,7.96,99.49,267.64,11.94
1788935018.862,6.3,59.2,7339.88,662.18,252.31,9.97
1788935019.863,5.2,59.1,0.0,99.9,328.69,11.99
1788935020.87,8.1,59.1,131.11,10039.87,681.38,17.88
1788935021.875,5.5,59.1,0.0,493.5,971.08,28.85
1788935022.879,6.6,59.1,0.0,99.52,1016.12,32.84
1788935023.88,9.5,59.1,0.0,103.9,1071.01,22.98
1788935024.882,7.0,59.1,0.0,99.83,1242.91,29.95
1788935025.887,6.3,59.1,318.38,103.47,815.85,23.88
1788935026.892,6.2,59.1,0.0,103.47,546.22,18.9
1788935027.897,7.0,59.1,1114.37,111.44,656.68,15.92
1788935028.902,5.2,59.2,0.0,95.52,557.17,17.91
1788935029.907,4.9,59.1,3.98,111.44,457.68,12.93
1788935030.912,5.2,59.1,0.0,99.57,220.06,7.97
1788935031.913,5.7,59.2,0.0,99.9,398.61,14.99
1788935032.913,5.5,59.2,0.0,8285.66,410.69,11.99
1788935033.914,5.6,59.2,0.0,99.93,333.77,13.99
1788935034.915,6.2,59.2,0.0,99.88,884.97,19.98
1788935035.92,5.8,59.2,0.0,99.5,491.52,17.91
1788935036.926,4.7,59.2,0.0,95.5,433.73,12.93
1788935037.931,5.2,59.2,0.0,99.5,818.85,17.91
1788935038.933,6.4,59.2,0.0,99.72,1065.98,27.92
1788935039.939,6.0,59.2,0.0,99.49,768.1,18.9
1788935040.944,6.1,59.2,0.0,99.49,437.78,15.92
1788935041.949,6.0,59.2,0.0,103.47,190.04,21.89
1788935042.954,5.2,59.2,0.0,99.5,221.89,10.95
1788935043.954,6.5,60.1,0.0,99.98,305.94,10.0
1788935044.96,7.0,61.0,0.0,95.45,322.15,11.93
1788935045.963,13.9,60.9,295.06,127.59,368.83,111.64
1788935046.964,7.8,60.7,0.0,99.91,219.8,8.99
1788935047.969,6.6,60.3,99.49,131.33,225.85,123.37
1788935048.97,5.4,60.2,0.0,99.85,125.82,5.99
1788935049.975,6.3,60.1,0.0,99.49,416.88,264.65
1788935050.979,8.8,60.0,71.73,9775.54,395.52,31.88
1788935051.984,7.4,60.5,7.96,115.42,447.74,44.77
1788935052.99,7.9,60.4,0.0,298.38,297.39,8.95
1788935053.995,7.0,60.5,103.48,119.4,705.43,120.39
1788935054.998,6.7,60.2,3.99,99.71,1072.87,23.93
1788935055.998,7.3,60.1,0.0,103.94,1321.22,261.84
1788935057.002,8.8,60.5,7.97,509.76,1616.9,57.75
1788935058.008,7.9,60.5,0.0,187.05,2287.42,29.85
1788935059.012,10.0,60.1,23.89,8282.14,1109.93,130.4
1788935060.012,16.1,60.0,0.0,99.99,966.9,15.0
1788935061.017,8.2,60.2,115.42,135.32,1153.21,507.45
1788935062.022,7.6,60.1,79.6,195.01,799.95,13.93
1788935063.027,10.8,60.1,43.79,99.52,1268.94,27.87
1788935064.032,12.2,60.1,6722.0,61978.52,766.13,20.89
1788935065.037,7.6,60.1,75.62,732.28,309.43,13.93
1788935066.042,11.9,59.9,7.96,131.33,392.01,113.42
1788935067.046,17.1,59.8,31.89,99.67,758.47,28.9
1788935068.05,5.6,59.7,0.0,99.55,138.38,9.96
1788935069.056,4.8,59.9,0.0,155.1,112.35,125.28
1788935070.061,5.6,60.0,0.0,99.5,122.38,3.98
1788935071.064,5.6,59.9,0.0,99.71,71.79,8.97
1788935072.069,7.5,60.1,0.0,210.93,129.34,30.84
1788935073.074,8.3,59.9,0.0,99.5,176.11,494.51
1788935074.078,7.8,60.0,0.0,123.52,173.33,127.51
1788935075.08,5.7,59.9,0.0,99.82,220.61,9.98
1788935076.084,7.1,59.9,0.0,99.59,117.51,5.98
1788935077.089,8.0,60.0,0.0,115.42,152.23,299.49
1788935078.094,6.8,60.0,0.0,99.5,109.45,4.97
1788935079.096,7.8,60.0,0.0,99.77,206.52,264.38
1788935080.101,5.8,59.8,0.0,99.5,101.49,8.95
1788935081.103,7.7,59.8,0.0,12945.58,237.52,7.98
1788935082.104,5.5,59.7,0.0,99.91,223.79,10.99
1788935083.106,5.7,59.5,0.0,99.86,302.58,9.99
1788935084.111,7.8,59.5,0.0,99.5,316.41,10.95
1788935085.116,4.9,59.8,111.44,95.52,203.97,7.96
1788935086.119,5.6,59.9,0.0,103.69,167.51,6.98
1788935087.124,5.2,59.9,0.0,99.5,106.46,7.96
1788935088.129,5.8,59.8,0.0,111.44,72.63,4.97
1788935089.134,5.1,59.7,0.0,99.49,112.43,6.96
1788935090.139,12.4,60.2,0.0,971.1,124.37,4.97
1788935091.144,13.7,60.3,19.9,175.11,74.62,4.97
1788935092.149,8.1,60.2,0.0,99.5,159.2,5.97
1788935093.156,4.2,60.3,0.0,95.29,356.36,7.94
1788935094.161,10.2,61.6,0.0,111.49,111.49,5.97
1788935095.162,13.3,61.5,103.9,179.82,89.91,5.0
1788935096.166,12.3,61.1,1191.42,330.73,35.86,3.98
1788935097.171,10.1,60.9,931.27,99.5,58.7,3.98
1788935098.176,8.8,60.8,15.92,99.5,71.64,17.91
1788935099.181,12.9,61.1,47.76,175.11,114.42,8.95
1788935100.186,9.1,61.5,0.0,103.48,113.43,4.97
1788935101.191,12.7,62.7,389.94,4273.44,57.7,20.89
1788935102.195,12.4,62.1,1430.45,2753.31,120.53,9.96
1788935103.2,10.0,60.5,55.72,99.5,113.43,5.97
1788935104.205,8.7,60.4,47.76,99.49,162.18,9.95
1788935105.21,8.9,60.3,107.46,103.48,311.42,8.95
1788935106.212,7.5,60.0,2855.9,2943.77,158.77,5.99
1788935107.217,9.4,60.0,612.9,409.93,143.28,7.96
1788935108.223,8.0,60.0,0.0,95.45,210.78,7.95
1788935109.228,6.2,60.0,1691.42,99.5,406.93,17.91
1788935110.231,11.7,60.2,1643.23,4762.19,712.93,31.91
1788935111.236,15.0,60.1,1603.85,2208.77,954.15,44.77
1788935112.236,13.9,60.1,571.89,3599.29,1343.73,25.0
1788935113.239,14.3,60.0,19.94,5874.66,2912.41,56.83
1788935114.243,13.9,60.1,31.88,5240.47,3320.63,39.85
1788935115.247,14.1,60.0,31.87,6363.0,4173.6,39.84
1788935116.253,13.4,59.8,7.95,5029.6,2946.19,42.74
1788935117.258,11.1,59.8,19.9,11115.59,934.26,24.87
1788935118.262,11.1,59.8,0.0,832.49,199.16,8.96
1788935119.266,10.7,59.7,0.0,490.11,401.45,8.97
1788935120.269,12.3,59.8,3.99,2517.16,1157.85,20.94
1788935121.274,16.1,59.7,99.49,22059.74,2242.59,28.85
1788935122.277,12.9,59.7,27.89,4435.04,1052.97,26.9
1788935123.28,11.9,59.7,67.81,2237.76,821.71,16.95
1788935124.288,12.1,59.7,154.74,4693.79,1161.54,26.78
1788935125.293,11.9,59.7,71.64,4318.17,1618.82,29.85
1788935126.296,13.3,59.7,67.82,5285.73,2216.02,34.91
1788935127.301,12.4,59.7,39.8,3124.13,1128.27,25.87
1788935128.302,11.5,59.7,11.99,1861.84,454.47,15.98
1788935129.303,10.9,59.7,4.0,1067.51,355.84,10.99
1788935130.308,11.1,59.7,7.96,1162.08,207.94,8.95
1788935131.313,11.6,59.7,11.94,1456.65,289.54,12.93
1788935132.318,11.6,60.2,23.88,1249.48,290.48,10.94
1788935133.32,17.2,61.5,163.65,2526.53,242.47,10.98
1788935134.324,17.3,61.6,167.31,2764.66,256.95,12.95
1788935135.325,14.5,61.4,27.98,819.27,107.9,6.99
1788935136.328,10.6,60.9,578.27,1702.9,237.29,9.97
1788935137.333,10.0,60.6,3.98,1396.91,233.81,9.95
1788935138.336,10.6,60.6,0.0,1148.92,269.28,12.97
1788935139.337,20.0,61.9,7082.4,1694.66,280.78,10.99
1788935140.342,13.1,61.1,95.47,26092.13,229.73,21.88
1788935141.347,9.8,60.7,7.96,1182.01,299.48,13.93
1788935142.353,10.3,60.6,7.96,1325.26,267.64,15.92
1788935143.356,12.3,60.7,27.92,953.12,196.41,14.95
1788935144.356,11.8,60.7,0.0,987.22,130.9,17.99
1788935145.361,12.1,60.6,27.88,912.18,231.03,124.48
1788935146.362,9.4,60.4,327.66,1326.64,168.83,11.99
1788935147.367,12.3,60.4,0.0,608.92,203.97,138.3
1788935148.372,8.0,60.3,1102.27,155.19,140.27,8.95
1788935149.377,9.3,59.8,63.68,1739.18,127.35,659.66
1788935150.38,8.6,59.5,7.98,1156.62,116.66,4.99
1788935151.383,10.0,59.8,7.97,1060.65,131.58,31.9
1788935152.388,8.2,59.8,0.0,354.2,30.84,1.99
1788935153.389,9.7,59.8,91.95,891.53,101.95,128.93
1788935154.394,8.4,59.8,7.96,1126.26,123.37,5.97
1788935155.394,12.0,59.7,8.0,1015.37,135.92,276.83
1788935156.4,8.0,59.8,11.94,1607.26,153.17,9.95
1788935157.405,10.2,59.8,7.96,2101.34,263.66,126.36
1788935158.41,8.7,59.9,3.98,1213.8,123.37,7.96
1788935159.411,7.7,59.8,15.98,778.84,100.85,3.0
1788935160.416,13.2,59.8,3.98,1412.82,179.09,7.96
1788935161.422,10.8,59.8,23.88,1042.7,134.32,633.78
1788935162.427,10.2,59.7,7.96,1094.43,161.18,5.97
1788935163.429,9.1,59.7,3.99,2223.79,177.66,8.98
1788935164.434,10.6,59.7,7.96,835.41,109.4,268.52
1788935165.439,11.3,59.6,7.96,1508.35,155.21,7.96
1788935166.444,16.7,60.8,39.81,2997.51,371.21,11.94
1788935167.445,9.8,60.6,11.99,1722.7,212.84,268.8
1788935168.45,16.2,61.2,1512.36,3665.47,151.24,8.95
1788935169.45,16.9,61.5,95.95,3946.04,89.96,14.99
1788935170.452,18.9,61.6,1660.41,14572.51,121.74,26.94
1788935171.456,15.1,61.5,119.53,1227.12,117.53,8.96
1788935172.462,10.3,60.7,11.94,2068.89,272.54,8.95
1788935173.467,11.2,60.4,7.96,1102.41,124.37,4.97
1788935174.472,15.2,60.6,405.93,1110.35,119.39,5.97
1788935175.477,10.2,60.4,7.96,3355.38,59.7,3.98
1788935176.479,10.7,60.3,7.98,1149.67,143.71,6.99
1788935177.484,8.9,60.1,11.94,382.06,31.84,1.99
1788935178.489,9.5,60.1,119.44,1692.03,84.6,3.98
1788935179.494,10.5,60.1,7.96,1508.42,133.33,17.91
1788935180.497,9.8,60.6,163.53,1005.13,129.63,4.99
1788935181.499,15.1,60.4,15.96,1001.44,106.73,5.98
1788935182.504,15.5,60.2,27.86,811.86,52.73,2.98
1788935183.509,11.5,60.2,0.0,736.25,76.61,4.97
1788935184.511,10.2,60.1,7.99,766.6,8.98,2.0
1788935185.512,9.0,60.1,4.0,1002.89,124.86,4.99
1788935186.516,8.4,60.0,3.99,824.92,114.57,6.97
1788935187.521,7.8,60.0,3.98,907.39,84.57,3.98
1788935188.526,7.3,59.8,63.68,871.58,89.55,4.97
1788935189.529,9.1,59.8,103.67,996.86,123.61,5.98
1788935190.534,8.5,59.8,3.98,1480.48,150.24,5.97
1788935191.539,8.5,59.8,0.0,1712.54,181.21,7.97
1788935192.543,8.1,59.9,752.47,2345.0,151.29,6.97
1788935193.548,8.7,59.8,3.98,1349.15,171.13,4.97
1788935194.554,8.7,59.8,11.94,2188.94,251.73,8.95
1788935195.568,8.1,59.8,7.88,1166.73,158.65,5.91
1788935196.573,7.3,59.7,35.82,1277.52,125.36,5.97
1788935197.578,9.0,59.7,0.0,1587.92,190.03,20.89
1788935198.584,10.5,60.0,7.96,2200.81,268.63,12.93
1788935199.585,14.7,60.6,195.7,2292.47,309.52,8.99
1788935200.589,15.0,60.4,35.86,13090.02,89.66,9.96
1788935201.594,16.9,60.4,31.84,529.3,95.51,4.97
1788935202.599,18.3,60.9,5949.83,907.4,156.21,52.73
1788935203.605,15.0,61.0,2198.89,1129.27,450.32,88.47
1788935204.61,8.6,60.6,0.0,1186.01,124.37,10.94
1788935205.613,9.6,60.5,55.85,1356.28,54.85,21.94
1788935206.618,10.8,60.6,0.0,684.52,82.58,11.94
1788935207.622,11.4,60.2,87.64,1796.56,256.94,7.97
1788935208.624,11.3,60.2,0.0,853.96,108.74,5.99
1788935209.628,10.5,60.1,1212.25,2843.2,189.41,6.98
1788935210.633,12.1,60.3,39.8,2077.45,215.9,7.96
1788935211.638,9.8,60.0,23.88,2984.99,514.41,12.93
1788935212.638,9.3,60.0,19.99,3594.48,409.83,11.99
1788935213.638,9.3,60.0,12.0,2495.56,361.94,11.0
1788935214.643,9.0,60.0,11.94,2105.29,278.58,8.95
1788935215.644,8.8,59.9,4.0,1826.52,186.85,7.99
1788935216.649,8.5,59.9,0.0,1154.14,113.42,5.97
1788935217.651,8.3,59.8,3.99,1373.36,127.75,5.99
1788935218.656,7.9,59.8,0.0,577.08,59.7,3.98
1788935219.664,7.8,59.8,0.0,515.99,58.55,1.98
1788935220.669,6.9,59.8,7.96,839.74,72.63,3.98
1788935221.671,8.6,59.8,0.0,918.04,113.76,5.99
1788935222.676,11.3,59.7,3.98,983.0,102.48,4.97
1788935223.681,11.9,59.8,0.0,1400.88,130.34,5.97
1788935224.686,8.4,59.8,7.96,1384.96,219.88,7.96
1788935225.691,8.6,59.8,19.9,1886.42,227.84,7.96
1788935226.697,9.5,59.8,3.98,1591.96,137.31,7.96
1788935227.704,8.1,59.7,7.94,1405.6,144.93,6.95
1788935228.709,6.9,59.7,0.0,935.26,73.63,3.98
1788935229.711,10.9,59.7,1146.09,2803.33,183.69,6.99
1788935230.716,24.0,60.2,5619.47,15939.08,394.0,31.84
1788935231.718,13.4,60.1,1688.28,2865.68,333.26,11.97
1788935232.722,10.1,60.2,43.8,3201.62,416.13,31.86
1788935233.728,9.8,60.2,7.96,1536.18,161.18,6.96
1788935234.733,9.6,60.1,3.98,1595.94,188.05,7.96
1788935235.742,11.0,60.1,31.69,942.7,82.19,2.97
1788935236.748,7.3,59.8,3.98,1392.94,176.11,7.96
1788935237.753,8.9,59.8,7.96,1337.2,124.37,6.96
1788935238.758,8.4,59.7,19.9,2001.83,252.72,7.96
1788935239.763,8.5,59.7,3.98,1006.88,133.32,5.97
1788935240.768,9.3,59.6,7.96,1866.46,210.92,6.96
1788935241.773,8.8,59.8,3.98,1850.58,235.8,9.95
1788935242.777,8.8,59.7,0.0,2282.41,305.72,9.96
1788935243.793,8.3,59.7,7.88,1929.72,302.26,8.86
1788935244.798,7.4,59.6,3.98,1603.88,226.85,8.95
1788935245.802,8.4,59.6,0.0,1319.05,129.51,5.98
1788935246.807,11.8,60.1,11.94,1683.43,220.88,8.95
1788935247.812,15.1,60.4,533.29,2037.64,254.71,19.9
1788935248.814,13.4,60.5,0.0,1337.55,163.7,6.99
1788935249.818,18.2,61.7,1230.91,5294.11,102.58,5.98
1788935250.821,23.8,61.0,5114.43,1331.43,113.61,5.98
1788935251.833,13.3,60.7,5137.95,1182.64,120.64,6.92
1788935252.838,11.2,60.8,63.68,875.56,98.5,4.97
1788935253.843,14.6,60.9,7.96,1564.06,98.5,3.98
1788935254.846,11.5,60.8,0.0,1303.51,136.53,6.98
1788935255.847,12.4,60.9,4.0,4054.24,112.95,5.0
1788935256.852,13.8,60.9,0.0,990.98,120.39,6.96
1788935257.857,8.5,60.3,15.92,620.85,76.61,3.98
1788935258.86,10.7,60.6,7.98,1603.32,197.42,11.97
1788935259.866,9.5,60.5,0.0,1589.21,159.91,9.93
1788935260.872,10.8,60.4,7.96,15378.03,97.51,12.93
1788935261.876,9.2,60.6,7.96,656.75,64.68,7.96
1788935262.878,7.8,60.2,0.0,962.29,73.87,3.99
1788935263.883,8.7,60.5,0.0,620.85,80.59,15.92
1788935264.886,9.3,60.5,0.0,438.89,55.86,5.98
1788935265.891,8.8,60.5,0.0,533.33,43.78,6.97
1788935266.893,9.2,60.5,0.0,822.63,83.86,7.99
1788935267.901,14.5,60.4,0.0,436.25,43.63,9.91
1788935268.906,8.1,60.5,0.0,939.23,93.53,7.96
1788935269.91,9.6,60.4,0.0,717.05,83.66,6.97
1788935270.912,11.5,60.4,0.0,99.83,4.99,4.99
1788935271.912,8.5,60.5,4.0,883.59,102.95,5.0
1788935272.918,9.8,60.4,0.0,1134.24,140.29,9.95
1788935273.918,9.0,60.4,8.0,771.6,85.95,7.0
1788935274.923,8.9,60.5,0.0,979.06,101.49,6.96
1788935275.934,8.7,60.4,15.82,1404.15,137.45,7.91
1788935276.939,8.6,60.4,7.96,2320.24,198.0,10.94
1788935277.944,10.0,60.7,0.0,458.11,52.78,124.49
1788935278.947,8.6,60.4,0.0,490.26,49.82,2.99
1788935279.952,12.9,60.5,3.98,1257.6,175.11,139.29
1788935280.957,8.2,60.4,43.78,1010.86,59.7,2.98
1788935281.96,10.2,61.2,2835.91,765.82,92.74,139.6
1788935282.965,15.3,61.7,15.92,1404.89,136.31,511.41
1788935283.977,14.3,61.3,15.82,2072.24,28.67,2.97
1788935284.982,7.9,61.0,0.0,911.38,95.52,6.96
1788935285.987,9.8,60.4,31.84,903.41,99.49,139.29
1788935286.992,8.2,60.4,0.0,704.43,69.65,4.97
1788935287.994,9.8,60.3,3.99,938.18,99.81,142.72
1788935288.999,18.4,60.2,1205.89,1066.6,60.69,512.41
1788935290.004,19.8,60.1,179.09,397.98,43.78,140.29
1788935291.005,21.8,60.2,135.91,10493.13,53.96,23.98
1788935292.016,18.8,60.2,59.33,672.41,87.02,145.36
1788935293.021,24.0,60.8,692.51,1802.93,105.47,7.96
1788935294.026,17.3,62.0,0.0,1221.84,121.39,29.85
1788935295.031,10.9,61.8,7.96,2710.28,150.24,8.95
1788935296.036,10.9,61.0,67.66,5464.49,205.96,919.37
1788935297.041,14.2,60.7,0.0,827.8,117.4,6.96
1788935298.043,11.8,60.7,7.98,1325.1,157.65,148.67
1788935299.048,9.2,60.5,0.0,883.54,82.58,6.96
1788935300.058,8.9,60.5,3.96,844.2,138.72,147.64
1788935301.063,7.9,60.3,3.98,1174.05,113.42,4.97
1788935302.068,10.1,60.4,0.0,1205.87,151.23,624.82
1788935303.073,8.2,60.4,11.94,1273.53,163.17,62.68
1788935304.078,8.9,60.3,0.0,1977.97,256.7,10.94
1788935305.083,9.2,60.3,0.0,1193.93,141.28,151.23
1788935306.088,8.1,60.3,0.0,772.07,63.68,3.98
1788935307.093,12.0,60.4,0.0,991.0,131.34,154.22
1788935308.098,8.0,60.3,7.96,1034.72,124.37,799.92
1788935309.103,15.3,60.3,15.92,1066.6,136.31,151.23
1788935310.108,12.7,60.3,3.98,668.6,58.7,3.98
1788935311.11,9.5,60.3,3.99,1230.23,126.82,156.77
1788935312.115,9.1,60.2,3.98,1193.92,123.37,5.97
1788935313.12,11.1,60.5,7.96,4138.99,129.34,157.2
1788935314.125,12.4,60.7,0.0,983.0,90.54,4.97
1788935315.126,11.5,60.8,0.0,874.82,117.84,829.88
1788935316.135,19.0,61.1,11.9,1269.73,154.75,160.7
1788935317.14,14.1,61.1,111.43,879.53,110.44,29.85
1788935318.144,11.4,61.1,23.89,1867.72,132.41,29.87
1788935319.149,12.3,61.0,270.62,1424.76,148.25,7.96
1788935320.152,9.4,60.9,0.0,4408.81,76.81,169.57
1788935321.154,11.4,60.7,3.99,6976.94,72.84,4.99
1788935322.159,9.8,60.7,0.0,736.25,103.47,726.3
1788935323.161,8.4,60.6,0.0,1089.9,99.81,5.99
1788935324.166,7.7,60.4,3.98,763.98,65.65,3.98
1788935325.171,11.3,60.9,0.0,608.91,67.66,28.85
1788935326.176,8.6,60.8,0.0,947.18,90.54,4.97
1788935327.178,9.8,60.8,0.0,1170.46,141.81,173.77
1788935328.178,9.9,60.8,4.0,787.43,89.93,592.57
1788935329.183,8.0,60.6,0.0,664.63,67.66,4.97
1788935330.188,12.3,60.6,0.0,1182.0,116.41,4.97
1788935331.194,12.8,60.8,7.96,1070.59,139.3,30.84
1788935332.199,9.9,60.8,0.0,664.49,79.58,135.28
1788935333.204,9.7,60.7,0.0,724.32,60.69,42.78
1788935334.209,12.0,60.7,3.98,589.0,46.76,2.98
1788935335.214,7.9,60.6,0.0,254.71,17.91,291.52
1788935336.219,9.3,60.7,0.0,238.79,43.78,177.1
1788935337.22,9.0,61.2,0.0,359.57,21.97,4.0
1788935338.225,14.3,61.7,7.96,883.5,65.67,9.95
1788935339.231,21.3,61.3,0.0,3155.96,161.18,75.62
1788935340.236,9.5,61.1,111.4,954.83,91.5,4.97
1788935341.241,16.0,62.4,115.41,1392.93,170.14,796.96
1788935342.246,14.0,61.2,35.83,1457.03,88.58,5.97
1788935343.251,11.2,60.9,39.8,262.67,19.9,4.97
1788935344.253,14.3,61.1,0.0,1089.62,135.7,49.89
1788935345.258,11.7,60.9,0.0,871.58,81.59,3.98
1788935346.263,9.7,60.9,67.66,3283.27,86.56,192.02
1788935347.263,10.4,60.7,0.0,655.84,83.98,316.92
1788935348.269,14.7,60.9,0.0,911.0,133.27,47.74
1788935349.274,9.7,60.9,195.01,401.96,33.83,6.96
1788935350.276,10.8,60.7,0.0,8549.63,91.8,4.99
1788935351.279,11.1,61.1,7.98,2777.14,110.73,217.46
1788935352.284,10.3,60.7,0.0,791.98,83.58,6.96
1788935353.289,13.8,61.2,0.0,815.86,122.38,346.24
1788935354.293,10.3,60.8,3.98,788.88,45.82,16.93
1788935355.298,10.9,61.0,35.82,911.4,138.3,193.03
1788935356.303,8.1,60.7,0.0,1548.21,114.42,5.97
1788935357.308,9.4,60.6,3.98,1444.68,148.25,6.96
1788935358.309,15.7,60.8,43.93,986.52,181.73,1156.26
1788935359.314,11.0,60.6,7.96,823.82,89.55,3.98
1788935360.317,13.7,60.8,31.91,1495.94,189.49,21.94
1788935361.32,13.7,60.6,7.98,1890.33,243.27,8.97
1788935362.325,9.6,60.3,0.0,1432.72,148.25,9.95
1788935363.326,10.4,60.6,4.0,1387.02,183.87,9.99
1788935364.331,8.1,60.5,0.0,1050.49,121.36,8.95
1788935365.336,8.3,60.5,0.0,501.46,48.75,8.95
1788935366.341,10.0,60.4,3.98,1958.05,236.8,11.94
1788935367.346,9.9,60.4,3.98,1763.04,182.08,10.94
1788935368.352,13.0,60.8,0.0,1106.38,141.28,193.02
1788935369.353,11.2,60.6,0.0,1665.89,213.73,5.99
1788935370.356,11.2,60.9,15.95,2256.34,111.62,51.82
1788935371.359,9.2,60.9,0.0,1004.95,106.68,6.98
1788935372.364,9.7,60.9,83.58,899.48,141.29,207.95
1788935373.365,9.6,60.7,0.0,699.58,41.97,3.0
1788935374.37,14.5,60.6,0.0,756.17,156.21,232.82
1788935375.375,9.9,60.6,3.98,1082.78,105.49,606.08
1788935376.378,9.2,60.9,11.96,1579.37,202.41,49.85
1788935377.383,10.1,60.8,3.98,1587.95,213.92,10.94
1788935378.385,10.5,60.9,43.92,598.9,189.65,295.46
1788935379.39,11.4,60.9,0.0,1285.51,139.3,7.96
1788935380.395,13.8,60.7,7.96,12253.45,241.69,7.96
1788935381.4,12.3,60.7,0.0,1189.97,152.23,317.39
1788935382.405,11.1,60.7,3.98,1448.63,142.28,10.94
1788935383.409,15.2,61.2,0.0,1378.8,177.33,51.8
1788935384.414,10.7,61.1,0.0,1086.48,131.33,5.97
1788935385.418,11.0,61.0,7452.3,1346.99,215.2,242.1
1788935386.422,12.1,60.7,0.0,1334.93,148.44,9.96
1788935387.427,11.9,60.8,0.0,728.33,95.52,336.3
1788935388.432,14.1,61.0,31.83,1030.4,168.09,51.72
1788935389.437,11.5,60.9,79.6,1201.91,165.16,223.86
1788935390.442,9.5,60.8,0.0,1086.43,117.4,8.95
1788935391.447,8.4,60.8,0.0,1501.08,150.31,5.97
1788935392.449,13.2,60.9,3.99,1919.85,282.39,57.87
1788935393.454,10.6,60.9,111.43,1102.41,119.39,743.23
1788935394.457,10.1,60.8,0.0,1296.12,174.48,150.55
1788935395.459,9.6,60.6,3.99,1681.15,178.7,7.99
1788935396.464,8.1,60.6,3.98,883.3,109.42,5.97
1788935397.469,11.4,61.0,0.0,1794.9,284.56,165.16
1788935398.474,10.9,60.9,0.0,1790.87,214.9,10.94
1788935399.477,10.0,60.7,7.98,802.08,79.81,328.22
1788935400.482,13.5,60.9,28570.86,1062.6,122.38,16.91
1788935401.486,17.3,61.4,589.33,549.51,45.79,37.83
1788935402.491,16.1,61.4,11.94,1830.69,237.79,222.87
1788935403.496,12.1,61.1,15.93,892.12,97.58,4.98
1788935404.501,12.3,61.0,123.34,1722.77,235.74,262.59
1788935405.506,12.7,61.1,577.08,1022.83,134.32,341.27
1788935406.509,8.6,60.9,0.0,534.36,45.86,4.98
1788935407.514,11.1,60.8,0.0,1185.98,147.25,5.97
1788935408.517,14.1,61.2,526.68,1276.79,114.71,9.97
1788935409.518,14.1,61.7,387.4,2727.75,50.92,17.97
1788935410.519,16.7,61.1,0.0,13794.55,216.79,448.56
1788935411.526,10.8,61.0,0.0,977.03,114.19,355.47
1788935412.531,15.6,61.3,10280.3,1293.5,137.31,22.88
1788935413.536,13.0,61.0,939.67,995.42,117.46,70.67
1788935414.541,14.8,61.1,4696.14,497.47,97.5,12.93
1788935415.546,11.3,61.0,103.47,3963.82,163.17,11.94
1788935416.548,13.7,61.4,2247.11,1245.29,177.61,32.93
1788935417.553,17.4,61.4,397.98,3243.54,68.65,56.71
1788935418.558,14.1,61.2,1277.62,720.4,105.47,5.97
1788935419.565,12.6,61.2,87.42,790.75,96.36,7.95
1788935420.57,9.5,61.2,0.0,624.83,59.7,2.98
1788935421.575,11.5,60.8,254.71,585.03,72.63,4.97
1788935422.577,11.1,60.7,23.96,1297.75,73.87,34.94
1788935423.582,9.4,60.8,131.33,401.96,43.78,9.95
1788935424.582,14.8,62.2,535.81,2239.22,88.97,8.0
1788935425.586,15.1,61.6,3129.13,5409.21,141.51,12.95
1788935426.591,11.3,61.1,0.0,887.52,103.48,6.96
1788935427.597,9.5,60.4,0.0,1343.45,114.27,5.96
1788935428.602,7.7,60.1,3.98,947.19,93.53,4.97
1788935429.607,10.1,60.8,0.0,692.48,66.66,3.98
1788935430.61,15.7,61.3,295.28,778.11,61.85,15.96
1788935431.611,12.6,60.4,0.0,527.39,46.95,4.0
1788935432.616,9.8,60.2,31.84,752.17,77.61,5.97
1788935433.617,14.5,60.0,5135.58,5803.0,1268.91,50.96
1788935434.622,18.2,60.8,2260.53,7259.16,828.79,50.74
1788935435.634,15.9,60.9,8862.54,1304.48,219.39,9.88
1788935436.639,9.1,60.8,0.0,1106.38,154.22,5.97
1788935437.644,11.3,60.6,15.92,2029.68,228.84,8.95
1788935438.649,9.3,60.6,11.94,994.93,121.38,58.7
1788935439.652,9.1,60.6,7.98,1216.87,148.62,5.98
1788935440.657,13.1,61.7,179.09,9718.53,165.16,6.96
1788935441.658,14.5,61.7,35.95,810.8,100.85,8.99
1788935442.66,12.7,60.4,0.0,1593.23,179.69,7.99
1788935443.666,11.7,60.3,3.98,1217.42,125.32,6.96
1788935444.671,7.7,60.0,15.92,1751.12,129.34,5.97
1788935445.675,8.6,59.8,0.0,1206.68,164.28,5.97
1788935446.678,9.4,59.8,0.0,1472.22,210.46,18.95
1788935447.682,9.2,59.6,7341.13,1027.12,73.65,3.98
1788935448.686,9.2,59.6,1083.98,1163.69,137.49,5.98
1788935449.691,9.0,59.5,11.94,2109.26,378.08,8.95
1788935450.693,9.4,59.6,0.0,2140.52,294.52,8.99
1788935451.698,8.0,59.5,3.98,1754.55,256.62,8.95
1788935452.703,7.1,59.4,3.98,1345.17,149.24,6.96
1788935453.707,9.2,59.4,3.98,2537.7,361.53,10.96
1788935454.712,8.3,59.4,0.0,1643.66,243.76,7.96
1788935455.715,8.1,59.4,0.0,1356.75,136.67,6.98
1788935456.719,8.1,59.3,3.99,565.87,56.79,3.99
1788935457.721,7.7,59.4,0.0,850.0,76.82,3.99
1788935458.725,8.1,59.4,0.0,864.54,72.71,5.98
1788935459.745,7.2,59.4,0.0,729.32,62.74,3.92
1788935460.75,7.4,59.3,0.0,1365.07,112.43,5.97
1788935461.755,8.5,59.3,0.0,604.92,57.71,3.98
1788935462.76,7.9,59.4,0.0,577.07,54.72,2.98
1788935463.765,7.6,59.3,0.0,433.8,39.8,4.97
1788935464.766,10.9,59.4,0.0,355.72,48.96,3.0
1788935465.769,8.7,59.4,0.0,2833.02,146.64,5.99
1788935466.774,8.1,59.4,3.98,545.24,54.72,4.97
1788935467.781,7.7,59.4,0.0,1222.66,115.12,4.96
1788935468.786,6.7,59.4,0.0,513.4,57.71,3.98
1788935469.791,9.1,59.9,27.86,660.62,55.71,5.97
1788935470.797,12.6,60.2,624.82,11971.14,128.35,28.85
1788935471.802,9.5,60.2,7.96,545.23,49.75,6.96
1788935472.805,10.1,60.5,143.51,773.36,115.61,83.71
1788935473.808,10.8,60.5,0.0,665.95,69.79,143.56
1788935474.813,12.1,60.5,3.98,1595.94,182.08,7.96
1788935475.825,13.1,61.4,15.81,849.59,64.21,9.88
1788935476.83,12.4,61.2,47.76,4170.92,114.42,9.95
1788935477.836,14.7,61.7,0.0,1249.53,119.38,4.97
1788935478.841,15.3,61.7,71.64,1731.21,131.33,6.96
1788935479.843,19.9,61.5,399.28,1860.65,233.58,281.49
1788935480.848,11.9,61.0,7.96,2387.9,157.2,8.95
1788935481.853,12.2,60.7,0.0,1225.77,103.47,341.27
1788935482.853,10.8,60.8,0.0,907.73,123.96,16.0
1788935483.858,9.1,60.7,3.98,1392.98,165.17,8.95
1788935484.863,9.5,60.5,0.0,1420.81,238.79,60.69
1788935485.866,9.7,60.3,0.0,5741.03,305.2,9.97
1788935486.867,8.8,60.2,0.0,1122.61,120.85,5.99
1788935487.872,9.4,60.1,31.84,1914.28,210.93,361.17
1788935488.874,8.5,60.1,0.0,1169.25,129.7,5.99
1788935489.879,10.2,60.1,998.93,1428.75,228.84,6.96
1788935490.882,9.7,60.1,11482.18,1874.48,294.13,9.97
1788935491.888,8.3,60.1,0.0,2180.65,234.78,8.95
1788935492.893,8.7,60.1,0.0,2750.05,360.17,11.94
1788935493.898,9.4,60.0,3.98,3151.97,593.98,14.92
1788935494.901,9.9,60.0,3.99,3482.23,478.66,13.96
1788935495.902,11.9,61.0,19.97,1665.46,194.7,31.95
1788935496.907,11.2,60.8,298.57,1855.12,235.87,8.96
1788935497.912,10.3,60.9,0.0,250.74,25.87,4.97
1788935498.917,15.2,61.2,3.98,2567.04,375.11,11.94
1788935499.922,11.9,61.0,35.82,2117.31,322.37,20.89
1788935500.924,13.9,61.0,0.0,18370.37,199.5,7.98
1788935501.928,11.2,61.0,127.56,1793.74,158.45,14.95
1788935502.933,11.4,61.0,11.94,895.47,131.34,5.97
1788935503.935,11.9,61.1,0.0,1588.41,200.55,6.98
1788935504.94,12.3,61.5,0.0,987.74,108.53,21.91
1788935505.941,10.2,60.9,327.37,2483.2,309.4,31.94
1788935506.947,8.4,60.8,0.0,1432.76,148.25,6.96
1788935507.952,8.6,60.7,15.92,1826.28,273.54,8.95
1788935508.957,10.1,60.9,27.86,2169.03,290.53,9.95
1788935509.958,13.2,60.8,3.99,1961.53,275.65,12.98
1788935510.959,14.7,61.2,67.96,1443.25,148.92,9.99
1788935511.964,12.1,61.1,35.82,4182.78,457.68,14.92
1788935512.966,13.5,61.1,1325.24,3584.53,299.38,8.98
1788935513.97,12.1,61.1,693.18,2322.55,213.13,8.96
1788935514.975,8.9,60.8,0.0,2228.75,214.92,6.96
1788935515.98,7.6,60.7,0.0,1599.41,228.77,9.95
1788935516.985,8.9,60.4,3.98,2551.08,355.2,9.95
1788935517.99,12.2,60.8,31.84,2188.92,208.94,12.93
1788935518.996,13.3,61.1,871.57,2861.47,375.09,12.93
1788935519.998,14.2,60.9,47.87,2086.41,211.43,6.98
1788935521.003,9.6,60.8,0.0,561.15,62.68,3.98
1788935522.008,11.1,61.2,0.0,1394.08,142.4,6.97
1788935523.013,9.8,60.8,43.78,2125.25,105.47,4.97
1788935524.018,7.9,60.8,0.0,497.26,52.71,2.98
1788935525.023,12.7,60.9,0.0,1313.37,136.31,6.96
1788935526.027,8.6,60.5,0.0,1430.56,123.53,5.98
1788935527.027,8.2,60.5,0.0,723.84,64.99,6.0
1788935528.032,7.6,60.4,35.82,497.47,36.81,1.99
1788935529.037,8.6,60.4,3.98,823.82,92.53,3.98
1788935530.042,8.3,60.4,15.92,951.42,120.42,5.97
1788935531.043,10.8,60.4,0.0,15596.67,189.91,26.99
1788935532.048,15.4,60.4,0.0,712.38,68.65,11.94
1788935533.053,7.8,60.3,0.0,656.67,63.68,4.97
1788935534.058,7.5,60.2,0.0,831.78,93.53,3.98
1788935535.063,8.4,60.3,19.9,9579.35,156.21,15.92
1788935536.068,8.5,60.3,3.98,947.18,91.53,5.97
1788935537.073,8.2,60.3,0.0,1205.84,129.34,4.97
1788935538.074,7.9,60.3,19.98,1226.82,96.91,5.99
1788935539.077,8.7,60.2,0.0,1886.57,265.24,7.98
1788935540.082,6.6,60.3,0.0,915.27,88.54,4.97
1788935541.087,8.9,60.4,179.09,473.6,40.79,1.99
1788935542.09,9.0,60.5,0.0,1312.72,142.64,6.98
1788935543.095,11.5,61.1,40852.67,931.27,97.51,5.97
1788935544.1,9.8,60.8,3.98,955.14,108.45,4.97
1788935545.105,13.0,61.1,2734.13,3259.46,40.79,5.97
1788935546.11,9.5,60.8,0.0,214.91,13.93,1.99
1788935547.115,13.4,61.0,0.0,799.97,83.58,14.92
1788935548.121,8.9,61.0,0.0,1753.51,92.45,3.98
1788935549.126,10.9,61.0,0.0,927.3,96.51,4.97
1788935550.128,12.2,61.4,0.0,1298.11,135.8,5.99
1788935551.132,14.9,61.3,637.31,1374.19,128.46,52.78
1788935552.137,16.7,62.0,1301.43,9496.07,229.84,23.88
1788935553.141,12.4,61.5,0.0,2588.12,297.63,8.96
1788935554.146,13.5,61.3,700.44,1631.71,238.79,238.79
1788935555.152,15.1,61.3,23.88,2057.65,335.31,12.93
1788935556.159,14.3,61.2,2970.86,5905.98,321.71,8.94
1788935557.163,12.0,61.2,151.33,3990.42,545.6,60.73
1788935558.165,12.2,61.2,379.43,5276.12,804.8,603.1
1788935559.17,8.8,60.9,15.92,1237.71,217.89,7.96
1788935560.173,13.6,61.1,95.69,8524.65,200.36,140.55
1788935561.177,14.0,61.8,23.9,3928.13,236.05,140.43
1788935562.181,14.7,61.4,107.54,7870.45,1780.41,30.87
1788935563.192,16.5,62.0,114.71,7107.77,2435.51,51.42
1788935564.197,13.6,61.4,557.18,1249.67,227.85,345.25
1788935565.198,14.0,60.8,31.99,2871.17,276.92,11.0
1788935566.2,14.6,60.6,95.83,2998.65,419.25,75.86
1788935567.205,13.9,61.3,59.7,1369.08,124.37,11.94
1788935568.209,12.3,61.2,1206.51,1576.82,116.47,7.96
1788935569.209,17.1,62.1,987.79,12213.37,140.97,6.0
1788935570.214,11.4,60.9,3.98,2547.13,237.8,369.14
1788935571.222,14.4,61.0,976.64,1869.91,246.15,253.09
1788935572.227,8.6,60.9,4942.97,2762.01,249.74,7.96
